-- ===========================
-- MOCK TESTS (5 tests, 50 questions each)
-- ===========================
INSERT OR IGNORE INTO mock_tests (id, title, subject, difficulty, duration_minutes, total_questions) VALUES
(1, 'Java Fundamentals', 'Java', 'EASY', 60, 50),
(2, 'DSA & Algorithms', 'DSA', 'MEDIUM', 60, 50),
(3, 'SQL & Databases', 'SQL', 'EASY', 60, 50),
(4, 'OOP & Design Patterns', 'OOPs', 'MEDIUM', 60, 50),
(5, 'Spring Boot & REST APIs', 'Spring Boot', 'HARD', 60, 50),
(6, 'Python Programming', 'Python', 'EASY', 60, 50),
(7, 'Advanced Python', 'Python', 'HARD', 60, 50),
(8, 'Rust Programming', 'Rust', 'MEDIUM', 60, 50),
(9, 'Go Programming', 'Go', 'MEDIUM', 60, 50),
(10, 'Computer Aptitude', 'Computer', 'MEDIUM', 60, 50),
(11, 'Programming Aptitude', 'Programming', 'MEDIUM', 60, 50),
(12, 'SQL Mastery', 'SQL', 'HARD', 60, 50),
(13, 'Interview Preparation', 'HR & Tech', 'EASY', 60, 50);

-- ===========================
-- TEST 1: JAVA FUNDAMENTALS (50 questions)
-- ===========================
INSERT OR IGNORE INTO mock_test_questions (test_id, question_text, option_a, option_b, option_c, option_d, correct_option) VALUES
(1, 'Which keyword is used to inherit a class in Java?', 'implements', 'extends', 'inherits', 'super', 'B'),
(1, 'What is the default value of an int in Java?', 'null', '-1', '0', '1', 'C'),
(1, 'Which of these is NOT a Java primitive type?', 'int', 'boolean', 'String', 'double', 'C'),
(1, 'What does JVM stand for?', 'Java Virtual Machine', 'Java Variable Method', 'Java Verified Module', 'Just Virtual Memory', 'A'),
(1, 'Which method is the entry point of a Java program?', 'start()', 'run()', 'main()', 'init()', 'C'),
(1, 'What is the size of a long in Java?', '4 bytes', '8 bytes', '16 bytes', '2 bytes', 'B'),
(1, 'Which collection allows duplicate elements?', 'Set', 'Map', 'List', 'TreeSet', 'C'),
(1, 'What does the final keyword do to a variable?', 'Makes it static', 'Makes it constant', 'Makes it null', 'Makes it private', 'B'),
(1, 'Which exception is thrown for null pointer access?', 'ArrayIndexOutOfBoundsException', 'ClassCastException', 'NullPointerException', 'IllegalArgumentException', 'C'),
(1, 'What is autoboxing in Java?', 'Converting Object to primitive', 'Automatic conversion of primitive to wrapper', 'Dynamic casting', 'None of these', 'B'),
(1, 'Which access modifier makes a member accessible only within the same class?', 'protected', 'default', 'public', 'private', 'D'),
(1, 'What is the output of 5 / 2 in Java (integer division)?', '2.5', '2', '3', 'Error', 'B'),
(1, 'Which interface must be implemented for sorting with Comparator?', 'Comparable', 'Comparator', 'Sortable', 'Orderable', 'B'),
(1, 'What is a Java interface?', 'A class with only static methods', 'A blueprint with abstract methods', 'A concrete class', 'An enum', 'B'),
(1, 'What does the static keyword mean for a method?', 'It belongs to an object', 'It belongs to the class, not instance', 'It cannot be overridden', 'It is thread-safe', 'B'),
(1, 'Which keyword prevents a method from being overridden?', 'static', 'private', 'final', 'abstract', 'C'),
(1, 'What is the parent class of all Java classes?', 'Class', 'Base', 'Object', 'Super', 'C'),
(1, 'What does System.out.println() do?', 'Reads input', 'Prints to console with newline', 'Prints without newline', 'Throws exception', 'B'),
(1, 'Which loop is guaranteed to execute at least once?', 'for', 'while', 'do-while', 'foreach', 'C'),
(1, 'What is an ArrayList in Java?', 'Fixed-size array', 'Dynamic-size array implementation', 'LinkedList variant', 'Set implementation', 'B'),
(1, 'Which keyword is used to handle exceptions?', 'handle', 'catch', 'error', 'rescue', 'B'),
(1, 'What does the this keyword refer to?', 'Parent class', 'Current object instance', 'Static context', 'Null reference', 'B'),
(1, 'What is a constructor in Java?', 'A method that returns a value', 'A special method called when an object is created', 'A static initializer', 'A destructor', 'B'),
(1, 'Which collection maintains insertion order?', 'HashSet', 'TreeSet', 'LinkedHashSet', 'PriorityQueue', 'C'),
(1, 'What is the difference between == and .equals()?', 'No difference', '== compares references, .equals() compares content', '== compares content, .equals() compares references', 'Both compare references', 'B'),
(1, 'What is polymorphism in Java?', 'One class with many fields', 'Ability to take multiple forms', 'Multiple inheritance', 'None of these', 'B'),
(1, 'Which keyword is used to throw an exception manually?', 'throws', 'throw', 'raise', 'error', 'B'),
(1, 'What is a HashMap in Java?', 'Ordered key-value pairs', 'Unordered key-value pairs', 'Thread-safe map', 'Sorted map', 'B'),
(1, 'What does the synchronized keyword do?', 'Makes a method faster', 'Ensures only one thread executes at a time', 'Makes a variable constant', 'Makes a class immutable', 'B'),
(1, 'Which method converts a String to int in Java?', 'Integer.parse()', 'Integer.parseInt()', 'String.toInt()', 'Int.valueOf()', 'B'),
(1, 'What is an enum in Java?', 'A class with final fields', 'A special class representing fixed constants', 'An interface', 'An abstract class', 'B'),
(1, 'What does the abstract keyword mean for a class?', 'It cannot have methods', 'It cannot be instantiated directly', 'It is always final', 'None of these', 'B'),
(1, 'Which Java collection is thread-safe by default?', 'ArrayList', 'HashMap', 'Vector', 'LinkedList', 'C'),
(1, 'What is the scope of a variable declared inside a method?', 'Global', 'Class-level', 'Local to the method', 'Package-level', 'C'),
(1, 'What does the instanceof keyword check?', 'If object is null', 'If object is an instance of a class', 'If class is abstract', 'If method exists', 'B'),
(1, 'Which of these is a checked exception?', 'NullPointerException', 'ArrayIndexOutOfBoundsException', 'IOException', 'ClassCastException', 'C'),
(1, 'What is a lambda expression in Java?', 'A recursive function', 'An anonymous function', 'A static method', 'A class constructor', 'B'),
(1, 'Which Java version introduced lambdas?', 'Java 6', 'Java 7', 'Java 8', 'Java 11', 'C'),
(1, 'What does the Optional class prevent?', 'Memory leaks', 'NullPointerException', 'Deadlocks', 'Type casting', 'B'),
(1, 'What is the default return type of a constructor?', 'void', 'int', 'The class type', 'No return type', 'D'),
(1, 'Which interface is used for functional interfaces?', '@Override', '@FunctionalInterface', '@Runnable', '@Callable', 'B'),
(1, 'What is method chaining?', 'Calling multiple classes', 'Calling methods on the same object sequentially', 'Using recursion', 'None', 'B'),
(1, 'What does Collections.sort() use by default?', 'BubbleSort', 'QuickSort', 'Natural ordering via Comparable', 'MergeSort always', 'C'),
(1, 'What is a Stack in Java?', 'FIFO collection', 'LIFO collection', 'Sorted collection', 'None', 'B'),
(1, 'What is the difference between String and StringBuilder?', 'No difference', 'String is immutable, StringBuilder is mutable', 'StringBuilder is slower', 'String is mutable', 'B'),
(1, 'Which keyword allows a class to implement multiple interfaces?', 'extends', 'implements', 'Both A and B', 'with', 'B'),
(1, 'What is a try-with-resources statement?', 'Try block without catch', 'Automatically closes resources', 'Used for recursion', 'None', 'B'),
(1, 'What does Stream.filter() do?', 'Maps elements', 'Filters elements based on predicate', 'Sorts elements', 'Collects elements', 'B'),
(1, 'What is the purpose of the transient keyword?', 'Makes field thread-safe', 'Excludes field from serialization', 'Makes field constant', 'Marks field as deprecated', 'B'),
(1, 'Which annotation is used to override a parent method?', '@Virtual', '@Override', '@Overload', '@Super', 'B');

-- ===========================
-- TEST 2: DSA & ALGORITHMS (50 questions)
-- ===========================
INSERT OR IGNORE INTO mock_test_questions (test_id, question_text, option_a, option_b, option_c, option_d, correct_option) VALUES
(2, 'What is the time complexity of binary search?', 'O(n)', 'O(n log n)', 'O(log n)', 'O(1)', 'C'),
(2, 'Which data structure uses LIFO principle?', 'Queue', 'Stack', 'Array', 'LinkedList', 'B'),
(2, 'What is the worst-case time complexity of QuickSort?', 'O(n)', 'O(n log n)', 'O(n²)', 'O(log n)', 'C'),
(2, 'A binary tree with n nodes has how many edges?', 'n', 'n-1', 'n+1', '2n', 'B'),
(2, 'Which traversal visits nodes in Left-Root-Right order?', 'Preorder', 'Postorder', 'Inorder', 'Level order', 'C'),
(2, 'What is the space complexity of merge sort?', 'O(1)', 'O(log n)', 'O(n)', 'O(n²)', 'C'),
(2, 'Which data structure is used in BFS traversal?', 'Stack', 'Queue', 'Heap', 'Array', 'B'),
(2, 'What is a hash collision?', 'Two keys map to same index', 'A key maps to null', 'Hash function returns 0', 'None of these', 'A'),
(2, 'What is a balanced BST property?', 'Height difference of any node is at most 1', 'All leaf nodes at same level', 'Root is always smallest', 'None', 'A'),
(2, 'Dynamic programming is best described as?', 'Divide and conquer without memoization', 'Optimization by storing subproblem results', 'Greedy approach', 'Brute force', 'B'),
(2, 'What is the average time complexity of HashMap get()?', 'O(n)', 'O(log n)', 'O(1)', 'O(n²)', 'C'),
(2, 'Which sorting algorithm is stable?', 'QuickSort', 'HeapSort', 'MergeSort', 'SelectionSort', 'C'),
(2, 'What is the time complexity of inserting into a max-heap?', 'O(1)', 'O(log n)', 'O(n)', 'O(n log n)', 'B'),
(2, 'Which data structure implements a priority queue efficiently?', 'Array', 'LinkedList', 'Heap', 'Stack', 'C'),
(2, 'What is Dijkstra''s algorithm used for?', 'Minimum spanning tree', 'Shortest path in weighted graph', 'Topological sort', 'Cycle detection', 'B'),
(2, 'What is the time complexity of linear search?', 'O(log n)', 'O(1)', 'O(n)', 'O(n²)', 'C'),
(2, 'What does DFS use internally?', 'Queue', 'Stack (or recursion)', 'Heap', 'Array', 'B'),
(2, 'Which algorithm finds minimum spanning tree?', 'Dijkstra', 'Bellman-Ford', 'Prim''s', 'Floyd-Warshall', 'C'),
(2, 'What is the time complexity of bubble sort in worst case?', 'O(n)', 'O(n log n)', 'O(n²)', 'O(log n)', 'C'),
(2, 'What is a trie data structure used for?', 'Graph traversal', 'Prefix-based string search', 'Sorting numbers', 'Matrix operations', 'B'),
(2, 'What is amortized time complexity?', 'Worst-case complexity', 'Average cost per operation over a sequence', 'Best-case complexity', 'None', 'B'),
(2, 'What is the height of a balanced BST with n nodes?', 'O(n)', 'O(log n)', 'O(n²)', 'O(1)', 'B'),
(2, 'Which algorithm uses greedy approach for shortest path?', 'BFS', 'DFS', 'Dijkstra', 'Floyd-Warshall', 'C'),
(2, 'What is the time complexity of selection sort?', 'O(n)', 'O(n log n)', 'O(n²)', 'O(log n)', 'C'),
(2, 'Which data structure is used for implementing recursion?', 'Queue', 'Stack', 'Heap', 'Array', 'B'),
(2, 'What is a graph with no cycles called?', 'Directed Graph', 'Weighted Graph', 'Acyclic Graph', 'Bipartite Graph', 'C'),
(2, 'What does topological sort work on?', 'Undirected graphs', 'Weighted graphs', 'Directed Acyclic Graphs (DAG)', 'Complete graphs', 'C'),
(2, 'What is the two-pointer technique used for?', 'Tree traversal', 'Searching sorted arrays efficiently', 'Graph BFS', 'Dynamic programming', 'B'),
(2, 'What is memoization?', 'Ignoring repeated computations', 'Caching results of function calls', 'Using recursion', 'Greedy optimization', 'B'),
(2, 'What is the Kadane''s algorithm used for?', 'Sorting', 'Maximum subarray sum', 'Shortest path', 'Finding duplicates', 'B'),
(2, 'Which traversal gives sorted output from a BST?', 'Preorder', 'Postorder', 'Inorder', 'Level order', 'C'),
(2, 'What is the time complexity of heap sort?', 'O(n)', 'O(n²)', 'O(n log n)', 'O(log n)', 'C'),
(2, 'What is a deque?', 'Queue that works only at front', 'Double-ended queue', 'Sorted queue', 'Priority queue', 'B'),
(2, 'What is the sliding window technique?', 'Moving a fixed/variable window over data', 'Sorting data in windows', 'BFS variant', 'None', 'A'),
(2, 'What is the space complexity of DFS on a graph with V vertices and E edges?', 'O(E)', 'O(V)', 'O(V+E)', 'O(1)', 'B'),
(2, 'Which algorithm detects negative cycles in a graph?', 'Dijkstra', 'Prim''s', 'Bellman-Ford', 'Kruskal''s', 'C'),
(2, 'What is a circular queue?', 'Queue that allows circular traversal', 'Queue using array where end connects to front', 'Doubly ended queue', 'None', 'B'),
(2, 'What is the time complexity of inserting into a sorted array?', 'O(1)', 'O(log n)', 'O(n)', 'O(n log n)', 'C'),
(2, 'What does LRU stand for in caching?', 'Last Recently Used', 'Least Recently Used', 'Latest Referenced Unit', 'Least Required Unit', 'B'),
(2, 'What is a sparse matrix?', 'Matrix with all zeros', 'Matrix with mostly zero values', 'Small matrix', 'Diagonal matrix', 'B'),
(2, 'Which data structure is best for implementing undo functionality?', 'Queue', 'Stack', 'Array', 'Heap', 'B'),
(2, 'What is the time complexity of finding an element in a sorted array?', 'O(n)', 'O(log n)', 'O(1)', 'O(n²)', 'B'),
(2, 'What is a segment tree used for?', 'Graph traversal', 'Range queries and updates', 'String matching', 'Hashing', 'B'),
(2, 'What is the Fibonacci sequence relationship to dynamic programming?', 'No relation', 'Classic example of overlapping subproblems', 'Uses greedy approach', 'Uses divide and conquer only', 'B'),
(2, 'Which algorithm is used for pattern matching in strings?', 'QuickSort', 'KMP Algorithm', 'Dijkstra', 'Merge Sort', 'B'),
(2, 'What is the time complexity of insertion sort in best case?', 'O(n²)', 'O(n log n)', 'O(n)', 'O(log n)', 'C'),
(2, 'What is an adjacency matrix representation?', 'List of neighbors for each vertex', 'V×V matrix where 1 means edge exists', 'Edge list', 'None', 'B'),
(2, 'What is a complete binary tree?', 'Every node has 0 or 2 children', 'All levels filled except possibly last, filled left to right', 'BST with balanced height', 'None', 'B'),
(2, 'What is Floyd-Warshall algorithm for?', 'Single source shortest path', 'All pairs shortest path', 'Minimum spanning tree', 'Topological sort', 'B'),
(2, 'What is the time complexity of counting sort?', 'O(n log n)', 'O(n + k) where k is range', 'O(n²)', 'O(log n)', 'B');

-- ===========================
-- TEST 3: SQL & DATABASES (50 questions)
-- ===========================
INSERT OR IGNORE INTO mock_test_questions (test_id, question_text, option_a, option_b, option_c, option_d, correct_option) VALUES
(3, 'Which SQL command retrieves data from a table?', 'INSERT', 'UPDATE', 'SELECT', 'DELETE', 'C'),
(3, 'What does GROUP BY clause do?', 'Sorts records', 'Filters records', 'Groups rows sharing a property for aggregation', 'Joins tables', 'C'),
(3, 'Which JOIN returns all rows from BOTH tables?', 'INNER JOIN', 'LEFT JOIN', 'RIGHT JOIN', 'FULL OUTER JOIN', 'D'),
(3, 'What is a PRIMARY KEY?', 'Allows null values', 'Uniquely identifies each row and cannot be null', 'Links two tables', 'Can have duplicates', 'B'),
(3, 'Which keyword removes duplicate rows in SELECT?', 'UNIQUE', 'DISTINCT', 'DIFFERENT', 'FILTER', 'B'),
(3, 'What does the HAVING clause do?', 'Filters before grouping', 'Filters groups after GROUP BY', 'Sorts groups', 'Joins groups', 'B'),
(3, 'Which aggregate function returns number of rows?', 'SUM()', 'AVG()', 'COUNT()', 'MAX()', 'C'),
(3, 'What is a FOREIGN KEY?', 'A primary key in same table', 'References primary key in another table', 'A unique constraint', 'None', 'B'),
(3, 'Which SQL clause limits the number of results?', 'WHERE', 'HAVING', 'LIMIT', 'ORDER BY', 'C'),
(3, 'What does INNER JOIN return?', 'All rows from left table', 'All rows from right table', 'Rows matching condition in both tables', 'All rows from both', 'C'),
(3, 'What does the WHERE clause do?', 'Sorts results', 'Filters rows based on condition', 'Groups rows', 'Joins tables', 'B'),
(3, 'What is normalization in databases?', 'Sorting data', 'Organizing data to reduce redundancy', 'Backing up data', 'Encrypting data', 'B'),
(3, 'What is the difference between DELETE and TRUNCATE?', 'No difference', 'DELETE is DML and can use WHERE, TRUNCATE removes all rows faster', 'TRUNCATE is DML', 'DELETE is DDL', 'B'),
(3, 'What does DDL stand for?', 'Data Definition Language', 'Data Distribution Language', 'Dynamic Definition Logic', 'None', 'A'),
(3, 'What does DML stand for?', 'Data Management Language', 'Data Manipulation Language', 'Dynamic Modification Logic', 'None', 'B'),
(3, 'Which SQL statement creates a new table?', 'INSERT TABLE', 'MAKE TABLE', 'CREATE TABLE', 'ADD TABLE', 'C'),
(3, 'What is an INDEX in SQL?', 'A backup mechanism', 'A data structure to speed up queries', 'A foreign key reference', 'A stored procedure', 'B'),
(3, 'What does AUTO_INCREMENT do?', 'Automatically sorts', 'Auto-increases column value on each insert', 'Auto-deletes rows', 'None', 'B'),
(3, 'Which SQL function returns the current date?', 'DATE()', 'NOW()', 'GETDATE() or CURDATE()', 'CURRENT()', 'C'),
(3, 'What is a VIEW in SQL?', 'A physical table', 'A virtual table based on a SELECT query', 'A stored procedure', 'A trigger', 'B'),
(3, 'What is a stored procedure?', 'A view', 'A precompiled SQL program stored in database', 'An index', 'A trigger', 'B'),
(3, 'What is the ACID property in databases?', 'Atomicity, Consistency, Isolation, Durability', 'Array, Cache, Index, Data', 'Automatic, Consistent, Internal, Direct', 'None', 'A'),
(3, 'What does UNION do in SQL?', 'Joins tables', 'Combines result sets of two SELECT queries', 'Multiplies rows', 'None', 'B'),
(3, 'What is a subquery?', 'A stored procedure', 'A query nested inside another query', 'An index query', 'None', 'B'),
(3, 'Which is the correct order of SQL clauses?', 'WHERE, SELECT, FROM, GROUP BY', 'SELECT, FROM, WHERE, GROUP BY, HAVING, ORDER BY', 'FROM, WHERE, SELECT', 'None', 'B'),
(3, 'What does the LIKE operator do?', 'Exact match', 'Pattern matching with wildcards', 'Number comparison', 'None', 'B'),
(3, 'What is a transaction in SQL?', 'A single SQL statement', 'A unit of work that is committed or rolled back', 'A view', 'A trigger', 'B'),
(3, 'What does ROLLBACK do?', 'Confirms a transaction', 'Undoes changes made in a transaction', 'Deletes the table', 'None', 'B'),
(3, 'What does COMMIT do?', 'Cancels a transaction', 'Saves all changes permanently', 'Drops a table', 'None', 'B'),
(3, 'What is the purpose of the NOT NULL constraint?', 'Allows empty values', 'Ensures column cannot have NULL values', 'Creates an index', 'None', 'B'),
(3, 'Which SQL clause sorts the result set?', 'GROUP BY', 'HAVING', 'ORDER BY', 'SORT BY', 'C'),
(3, 'What does LEFT JOIN return?', 'Only matching rows', 'All rows from left table + matching from right', 'All rows from right table', 'All rows', 'B'),
(3, 'What is a composite key?', 'A key with two tables', 'A primary key made of multiple columns', 'A foreign key', 'None', 'B'),
(3, 'What does the COALESCE function do?', 'Counts rows', 'Returns first non-null value in a list', 'Joins strings', 'None', 'B'),
(3, 'What is database sharding?', 'Encrypting data', 'Splitting large database across multiple servers', 'Creating backups', 'None', 'B'),
(3, 'What is denormalization?', 'Removing indexes', 'Adding redundancy for better read performance', 'Normalizing data', 'None', 'B'),
(3, 'Which SQL statement modifies existing records?', 'INSERT', 'UPDATE', 'ALTER', 'MODIFY', 'B'),
(3, 'What does the IN operator do?', 'Checks for null', 'Checks if value exists in a list', 'Range check', 'None', 'B'),
(3, 'What is the BETWEEN operator used for?', 'Pattern matching', 'Checking value within inclusive range', 'Joining tables', 'None', 'B'),
(3, 'What does DROP TABLE do?', 'Removes all rows', 'Permanently deletes the table and its data', 'Temporarily hides the table', 'None', 'B'),
(3, 'What is a trigger in SQL?', 'A stored query', 'An action executed automatically on insert/update/delete', 'An index type', 'None', 'B'),
(3, 'What is the difference between CHAR and VARCHAR?', 'No difference', 'CHAR is fixed-length, VARCHAR is variable-length', 'VARCHAR is always larger', 'None', 'B'),
(3, 'What does the EXISTS operator check?', 'Value in list', 'Whether a subquery returns any rows', 'Pattern match', 'None', 'B'),
(3, 'Which normal form eliminates partial dependencies?', 'First Normal Form', 'Second Normal Form', 'Third Normal Form', 'Boyce-Codd Normal Form', 'B'),
(3, 'What is a cursor in SQL?', 'A pointer to a row set for row-by-row processing', 'An index', 'A view', 'None', 'A'),
(3, 'What does MAX() function return?', 'Minimum value', 'Maximum value in a column', 'Average value', 'Count of rows', 'B'),
(3, 'What is referential integrity?', 'Preventing duplicate primary keys', 'Ensuring foreign key values match existing primary keys', 'Data encryption', 'None', 'B'),
(3, 'What does CONCAT do in SQL?', 'Counts strings', 'Joins two or more strings together', 'Splits a string', 'None', 'B'),
(3, 'What is the purpose of the CASE statement in SQL?', 'Loops through rows', 'Returns different values based on conditions', 'Joins tables', 'None', 'B'),
(3, 'What is an ER diagram?', 'Error recovery diagram', 'Entity-Relationship diagram showing database structure', 'Execution report', 'None', 'B');

-- ===========================
-- TEST 4: OOP & DESIGN PATTERNS (50 questions)
-- ===========================
INSERT OR IGNORE INTO mock_test_questions (test_id, question_text, option_a, option_b, option_c, option_d, correct_option) VALUES
(4, 'Which OOP concept hides internal implementation details?', 'Inheritance', 'Polymorphism', 'Encapsulation', 'Abstraction', 'C'),
(4, 'What is method overloading?', 'Same method name with different parameters', 'Same method name with same parameters', 'Overriding parent method', 'None', 'A'),
(4, 'What is an abstract class?', 'Has no methods at all', 'Cannot be instantiated directly', 'Has only static methods', 'Is always final', 'B'),
(4, 'Which SOLID principle says a class should have one reason to change?', 'Open/Closed Principle', 'Single Responsibility Principle', 'Liskov Substitution', 'Dependency Inversion', 'B'),
(4, 'What is a constructor?', 'A method that destroys objects', 'A special method called when an object is created', 'A static method', 'A void method', 'B'),
(4, 'What does the super keyword refer to in Java?', 'Current class', 'Parent class', 'Child class', 'Interface', 'B'),
(4, 'Which allows multiple inheritance in Java?', 'Abstract class', 'Interface', 'Enum', 'Record', 'B'),
(4, 'What is polymorphism?', 'One class many objects', 'One name many forms', 'Multiple classes one name', 'None', 'B'),
(4, 'What is the Singleton design pattern?', 'Creates multiple instances', 'Ensures only one instance of a class', 'Creates factory objects', 'None', 'B'),
(4, 'What is the Factory design pattern?', 'Creates singletons', 'Provides an interface for creating objects without specifying class', 'Observes changes', 'None', 'B'),
(4, 'What is the Observer pattern?', 'Creates objects', 'Defines one-to-many dependency between objects', 'Wraps objects', 'None', 'B'),
(4, 'What is the Decorator pattern?', 'Subclassing behavior', 'Adds responsibilities to objects dynamically', 'Creates object factories', 'None', 'B'),
(4, 'What is the difference between composition and inheritance?', 'No difference', 'Composition uses HAS-A, inheritance uses IS-A', 'Inheritance uses HAS-A', 'None', 'B'),
(4, 'What is the Open/Closed Principle?', 'Open for deletion, closed for addition', 'Open for extension, closed for modification', 'Open source code principle', 'None', 'B'),
(4, 'What is the Liskov Substitution Principle?', 'Child class can replace parent without errors', 'Parent class replaces child', 'Methods must be static', 'None', 'A'),
(4, 'What is dependency injection?', 'Creating objects inside class', 'Providing dependencies from outside the class', 'Using static methods', 'None', 'B'),
(4, 'What is the Interface Segregation Principle?', 'Use as few interfaces as possible', 'No client should be forced to implement unused methods', 'Interfaces must be abstract', 'None', 'B'),
(4, 'What is the Dependency Inversion Principle?', 'Depend on concrete classes', 'Depend on abstractions, not concretions', 'Avoid interfaces', 'None', 'B'),
(4, 'What is the Strategy design pattern?', 'Creates one strategy', 'Defines a family of algorithms, encapsulate each, make interchangeable', 'Observes state changes', 'None', 'B'),
(4, 'What is the Template Method pattern?', 'Creates templates for objects', 'Defines algorithm skeleton, subclasses fill in details', 'Provides object creation', 'None', 'B'),
(4, 'What is cohesion in OOP?', 'Dependency between modules', 'How related responsibilities are grouped in a module', 'Number of methods', 'None', 'B'),
(4, 'What is coupling in OOP?', 'Degree of dependency between modules', 'How methods are related', 'Number of classes', 'None', 'A'),
(4, 'What is the Facade pattern?', 'Creates complex objects', 'Provides simplified interface to complex subsystem', 'Adds responsibilities', 'None', 'B'),
(4, 'What is the Adapter pattern?', 'Creates new objects', 'Converts interface of one class to another expected by client', 'Observes changes', 'None', 'B'),
(4, 'What is the difference between interface and abstract class?', 'Interface can have method implementations', 'Interface supports multiple inheritance, abstract class does not', 'Abstract class is faster', 'No difference', 'B'),
(4, 'What is encapsulation?', 'Hiding implementation inside a class using access modifiers', 'Extending functionality', 'Creating multiple forms', 'None', 'A'),
(4, 'What is abstraction in OOP?', 'Showing all details', 'Hiding complexity and showing only essential features', 'Same as encapsulation', 'None', 'B'),
(4, 'What is method overriding?', 'Same class, different method', 'Child class provides specific implementation of parent method', 'Static method replacement', 'None', 'B'),
(4, 'What is a design pattern?', 'A fixed algorithm', 'A reusable solution to commonly occurring problem', 'A programming language feature', 'None', 'B'),
(4, 'What is the Proxy pattern?', 'Creates objects directly', 'Provides placeholder/surrogate for another object', 'Simplifies interface', 'None', 'B'),
(4, 'What is the Command pattern?', 'Executes commands sequentially', 'Encapsulates a request as an object', 'Creates command-line tools', 'None', 'B'),
(4, 'What is the Iterator pattern?', 'Sorts collections', 'Provides a way to access elements of a collection sequentially', 'Creates iterators', 'None', 'B'),
(4, 'What is the Builder pattern?', 'Constructs complex objects step by step', 'Creates simple objects', 'Observes construction', 'None', 'A'),
(4, 'What is the Prototype pattern?', 'Creates objects from scratch', 'Creates objects by cloning existing ones', 'Factory variant', 'None', 'B'),
(4, 'What is the State pattern?', 'Stores program state', 'Allows object to change behavior when internal state changes', 'Creates states', 'None', 'B'),
(4, 'What is object-oriented design?', 'Procedural programming', 'Designing software using objects that interact with each other', 'Functional programming', 'None', 'B'),
(4, 'What is a UML diagram used for?', 'Writing code', 'Visualizing system design and object relationships', 'Testing', 'None', 'B'),
(4, 'What is tight coupling?', 'Good design practice', 'High dependency between classes making changes difficult', 'Low dependency', 'None', 'B'),
(4, 'What is the Law of Demeter?', 'Talk to many objects', 'Only talk to immediate friends/dependencies', 'Use many patterns', 'None', 'B'),
(4, 'What is a mixin?', 'A Java feature', 'A class that provides methods to other classes without inheritance', 'An interface', 'None', 'B'),
(4, 'What is the Composite pattern?', 'Creates single objects', 'Composes objects into tree structures to represent part-whole hierarchies', 'Adds behavior', 'None', 'B'),
(4, 'What is GRASP?', 'A sorting algorithm', 'General Responsibility Assignment Software Patterns', 'A testing framework', 'None', 'B'),
(4, 'Which OOP concept is "is-a" relationship?', 'Composition', 'Association', 'Inheritance', 'Aggregation', 'C'),
(4, 'What is aggregation in OOP?', 'Strong ownership (child cannot exist without parent)', 'Weak association (child can exist independently)', 'Multiple inheritance', 'None', 'B'),
(4, 'What is composition vs aggregation difference?', 'No difference', 'Composition is strong (child dies with parent), aggregation is weak', 'Aggregation is stronger', 'None', 'B'),
(4, 'What is an anti-pattern?', 'A good design pattern', 'A common solution that seems good but causes problems', 'A test pattern', 'None', 'B'),
(4, 'What is a pure function in OOP?', 'Always modifies state', 'Returns same output for same input with no side effects', 'Requires inheritance', 'None', 'B'),
(4, 'What is the Tell, Don''t Ask principle?', 'Ask objects for data, then decide', 'Tell objects to do things, don''t ask for data to act on', 'Both are same', 'None', 'B'),
(4, 'Which design pattern is used for lazy initialization?', 'Factory', 'Singleton with lazy loading', 'Observer', 'None', 'B'),
(4, 'What is the role of an interface in dependency injection?', 'No role', 'Enables loose coupling between implementation and consumer', 'Makes code faster', 'None', 'B');

-- ===========================
-- TEST 5: SPRING BOOT & REST APIs (50 questions)
-- ===========================
INSERT OR IGNORE INTO mock_test_questions (test_id, question_text, option_a, option_b, option_c, option_d, correct_option) VALUES
(5, 'What annotation marks the main class in Spring Boot?', '@SpringComponent', '@SpringBootApplication', '@EnableAutoConfig', '@SpringMain', 'B'),
(5, 'Which annotation creates a REST controller in Spring?', '@Controller', '@Service', '@RestController', '@Repository', 'C'),
(5, 'What does @Autowired do?', 'Marks a class as service', 'Injects dependencies automatically', 'Creates a bean', 'Enables transactions', 'B'),
(5, 'Which annotation maps GET HTTP requests?', '@PostMapping', '@GetMapping', '@RequestMapping', '@DeleteMapping', 'B'),
(5, 'What does JPA stand for?', 'Java Persistence API', 'Java Programming Architecture', 'Java Process API', 'None', 'A'),
(5, 'What is the default embedded server in Spring Boot?', 'Jetty', 'Tomcat', 'Undertow', 'GlassFish', 'B'),
(5, 'What does @Entity annotation do?', 'Creates REST endpoint', 'Marks class as JPA entity mapped to database table', 'Injects services', 'None', 'B'),
(5, 'What is Spring IoC container?', 'A web server', 'Core of Spring, manages object lifecycle and dependencies', 'A database', 'A test framework', 'B'),
(5, 'Which HTTP status code means "Created"?', '200', '201', '204', '400', 'B'),
(5, 'What does @RequestBody do?', 'Extracts path variable', 'Binds HTTP request body to method parameter', 'Maps query parameter', 'None', 'B'),
(5, 'What does @PathVariable do?', 'Reads request body', 'Extracts value from URI path', 'Maps query param', 'None', 'B'),
(5, 'What is the purpose of @Repository annotation?', 'Creates REST endpoints', 'Marks class as data access layer component', 'Enables transactions', 'None', 'B'),
(5, 'What does @Service annotation indicate?', 'REST controller', 'Business logic / service layer component', 'Data access component', 'None', 'B'),
(5, 'What is application.properties used for?', 'Java code configuration', 'External configuration of Spring Boot properties', 'Database schema', 'None', 'B'),
(5, 'Which HTTP method is used to UPDATE a resource?', 'GET', 'POST', 'PUT or PATCH', 'DELETE', 'C'),
(5, 'What is REST?', 'A protocol', 'Representational State Transfer - architectural style for APIs', 'A database', 'None', 'B'),
(5, 'What does ResponseEntity allow you to do?', 'Only return body', 'Return body, headers, and HTTP status code', 'Only return status', 'None', 'B'),
(5, 'What is Spring Security used for?', 'Testing', 'Authentication and authorization in Spring apps', 'Logging', 'None', 'B'),
(5, 'What is JWT?', 'Java Web Test', 'JSON Web Token for stateless authentication', 'Java Web Template', 'None', 'B'),
(5, 'What does the @Transactional annotation do?', 'Creates transactions manually', 'Manages database transactions automatically', 'Caches data', 'None', 'B'),
(5, 'What is Spring Data JPA?', 'A SQL query tool', 'Abstraction over JPA to simplify data access', 'A REST framework', 'None', 'B'),
(5, 'What is CORS?', 'A caching strategy', 'Cross-Origin Resource Sharing - controls cross-domain requests', 'A compression format', 'None', 'B'),
(5, 'What HTTP status code means "Not Found"?', '400', '401', '403', '404', 'D'),
(5, 'What does @CrossOrigin annotation do in Spring?', 'Enables caching', 'Allows cross-origin requests from specified domains', 'Enables transactions', 'None', 'B'),
(5, 'What is a Spring Bean?', 'A Java variable', 'An object managed by Spring IoC container', 'A REST endpoint', 'None', 'B'),
(5, 'What is the purpose of @Configuration annotation?', 'Marks controller', 'Indicates class has @Bean definitions for Spring context', 'Marks repository', 'None', 'B'),
(5, 'Which Spring annotation is used for method-level security?', '@Secured or @PreAuthorize', '@Controller', '@Transactional', '@Autowired', 'A'),
(5, 'What is H2 database commonly used for in Spring Boot?', 'Production database', 'In-memory database for testing', 'NoSQL database', 'None', 'B'),
(5, 'What is the difference between @Controller and @RestController?', 'No difference', '@RestController combines @Controller + @ResponseBody', '@Controller is newer', 'None', 'B'),
(5, 'What does spring.jpa.hibernate.ddl-auto=update do?', 'Drops all tables', 'Automatically updates schema without dropping data', 'Creates fresh schema', 'None', 'B'),
(5, 'What is an actuator in Spring Boot?', 'A device component', 'Provides production-ready features like health checks and metrics', 'A security module', 'None', 'B'),
(5, 'What does @Value annotation do?', 'Validates fields', 'Injects values from properties file into fields', 'Creates values', 'None', 'B'),
(5, 'Which Spring annotation enables caching?', '@Transactional', '@EnableCaching', '@Cacheable', '@CacheConfig', 'B'),
(5, 'What is a Spring profile?', 'A user profile', 'A way to segregate application configuration for different environments', 'A test setup', 'None', 'B'),
(5, 'What HTTP method is idempotent and used to DELETE a resource?', 'POST', 'PUT', 'GET', 'DELETE', 'D'),
(5, 'What is the purpose of @ExceptionHandler?', 'Throws exceptions', 'Handles specific exceptions in controller methods', 'Logs exceptions', 'None', 'B'),
(5, 'What is a DTO in Spring?', 'A database table', 'Data Transfer Object used to transfer data between layers', 'A REST template', 'None', 'B'),
(5, 'What does @ComponentScan do?', 'Scans for tests', 'Tells Spring where to look for components/beans', 'Scans database', 'None', 'B'),
(5, 'What is Spring Boot auto-configuration?', 'Manual bean setup', 'Automatically configures beans based on classpath and properties', 'Configuration files', 'None', 'B'),
(5, 'What is the role of DispatcherServlet in Spring MVC?', 'Database access', 'Front controller that routes requests to appropriate handlers', 'Authentication', 'None', 'B'),
(5, 'What is @RequestParam used for?', 'Path variable', 'Extracts query parameters from URL', 'Request body', 'None', 'B'),
(5, 'What is the purpose of @Lazy annotation?', 'Makes bean faster', 'Delays bean initialization until first use', 'Caches bean', 'None', 'B'),
(5, 'What is an HTTP 401 status code?', 'Not Found', 'Forbidden', 'Unauthorized', 'Bad Request', 'C'),
(5, 'What is an HTTP 403 status code?', 'Not Found', 'Forbidden - authenticated but not authorized', 'Unauthorized', 'Bad Request', 'B'),
(5, 'What is the difference between PUT and PATCH?', 'No difference', 'PUT replaces entire resource, PATCH partially updates', 'PATCH replaces all', 'None', 'B'),
(5, 'What is Spring Boot starter?', 'A demo project', 'A dependency descriptor that includes common dependencies for a feature', 'A plugin', 'None', 'B'),
(5, 'What does @NotNull annotation do in validation?', 'Creates not null constraint in DB', 'Validates that field is not null at application level', 'Same as database NOT NULL', 'None', 'B'),
(5, 'What is Hibernate?', 'A Spring module', 'A JPA implementation / ORM framework for Java', 'A test framework', 'None', 'B'),
(5, 'What is connection pooling?', 'Creating one connection always', 'Reusing database connections from a pool to improve performance', 'Closing connections immediately', 'None', 'B'),
(5, 'What is the @OneToMany annotation?', 'One object has one related object', 'One entity has collection of related entities', 'Many objects have one entity', 'None', 'B'),

-- ===========================
-- TEST 6: PYTHON PROGRAMMING (50 questions)
-- ===========================
(6, 'What is the output of print(2 ** 3) in Python?', '5', '6', '8', '9', 'C'),
(6, 'Which keyword is used to define a function in Python?', 'func', 'def', 'define', 'function', 'B'),
(6, 'Which of the following is a mutable data type in Python?', 'tuple', 'string', 'int', 'list', 'D'),
(6, 'How do you insert an element at a specific index in a list?', 'list.append()', 'list.insert()', 'list.add()', 'list.push()', 'B'),
(6, 'What is the output of len("Python")?', '5', '6', '7', '8', 'B'),
(6, 'What keyword is used to handle exceptions in Python?', 'try/except', 'catch', 'throw', 'handle', 'A'),
(6, 'Which of the following is NOT a built-in collection in Python?', 'list', 'tuple', 'set', 'array', 'D'),
(6, 'What is the value of print(type([]) is list)?', 'True', 'False', 'None', 'Error', 'A'),
(6, 'How do you start a comment in Python?', '//', '/*', '#', '--', 'C'),
(6, 'Which statement is used to exit from a loop early?', 'stop', 'exit', 'break', 'return', 'C'),
(6, 'What is the output of print(type(1/2))?', '<class ''int''>', '<class ''float''>', '<class ''double''>', '<class ''number''>', 'B'),
(6, 'How do you declare a dictionary?', 'd = []', 'd = {}', 'd = ()', 'd = set()', 'B'),
(6, 'Which function is used to convert a string to an integer in Python?', 'int()', 'str()', 'float()', 'toInteger()', 'A'),
(6, 'What does the pass statement do in Python?', 'Exits the function', 'Does nothing, acts as a placeholder', 'Passes argument to next function', 'None of these', 'B'),
(6, 'What is the output of "hello".upper()?', 'Hello', 'hello', 'HELLO', 'Error', 'C'),
(6, 'How do you access the last element of a list L?', 'L[0]', 'L[len(L)]', 'L[-1]', 'L[last]', 'C'),
(6, 'Which of the following represents a tuple?', '[1, 2, 3]', '{1, 2, 3}', '(1, 2, 3)', 'None of these', 'C'),
(6, 'What does list(range(3)) produce?', '[1, 2, 3]', '[0, 1, 2]', '[0, 1, 2, 3]', '[1, 2]', 'B'),
(6, 'Which operator is used for floor division in Python?', '/', '//', '%', '**', 'B'),
(6, 'What is the output of 3 == 3.0?', 'True', 'False', 'None', 'Error', 'A'),
(6, 'What is the output of print(bool("")) in Python?', 'True', 'False', 'None', 'Error', 'B'),
(6, 'Which of the following represents an empty set in Python?', '{}', 'set()', '[]', 'empty()', 'B'),
(6, 'What keyword is used to create a generator function in Python?', 'generate', 'yield', 'return', 'next', 'B'),
(6, 'What is the value of 5 in [1, 2, 3] in Python?', 'True', 'False', 'None', 'Error', 'B'),
(6, 'Which function returns the absolute value of a number?', 'absolute()', 'abs()', 'absval()', 'None of these', 'B'),
(6, 'What is the output of print("a" + "b")?', 'ab', 'a+b', 'a b', 'Error', 'A'),
(6, 'How do you remove duplicate elements from a list L?', 'list(set(L))', 'list.distinct()', 'L.unique()', 'None of these', 'A'),
(6, 'What is a lambda function in Python?', 'A recursive function', 'An anonymous inline function', 'A generator function', 'None of these', 'B'),
(6, 'Which module is used to work with regular expressions?', 'regex', 're', 'regexp', 'match', 'B'),
(6, 'What does the global keyword do in Python?', 'Makes variable public', 'Declares variable inside function has global scope', 'Saves variable to database', 'None of these', 'B'),
(6, 'What is the correct way to open a file for reading in Python?', 'open("file.txt", "r")', 'open("file.txt", "read")', 'read("file.txt")', 'None of these', 'A'),
(6, 'What is the output of print(10 % 3) in Python?', '1', '2', '3', '0', 'A'),
(6, 'How can you get the keys of a dictionary d in Python?', 'd.get_keys()', 'd.keys()', 'd.all_keys()', 'None of these', 'B'),
(6, 'What does the pop() method do to a list by default?', 'Removes and returns the first item', 'Removes and returns the last item', 'Appends a default element', 'None of these', 'B'),
(6, 'How do you import a module in Python?', 'import math', 'include math', 'require math', 'use math', 'A'),
(6, 'What is the purpose of __init__ in Python classes?', 'To destroy class instance', 'Constructor method called on object creation', 'To convert object to string', 'None of these', 'B'),
(6, 'What is the output of [x for x in range(5) if x % 2 == 0]?', '[0, 2, 4]', '[2, 4]', '[0, 1, 2, 3, 4]', '[1, 3]', 'A'),
(6, 'Which of these throws a KeyError in Python?', 'Index out of bounds', 'Accessing a non-existent dictionary key', 'Incorrect data type', 'None of these', 'B'),
(6, 'What is PEP 8 in the Python ecosystem?', 'A compiler version', 'The official Python style guide', 'A security package manager', 'None of these', 'B'),
(6, 'How do you define a class in Python?', 'class MyClass:', 'class MyClass()', 'define MyClass:', 'struct MyClass', 'A'),
(6, 'What is the output of print(float(5))?', '5', '5.0', '5.00', 'Error', 'B'),
(6, 'What does list.append(x) do in Python?', 'Adds element x to the beginning', 'Adds element x to the end', 'Inserts element at random index', 'None of these', 'B'),
(6, 'What is a decorator in Python?', 'A design template', 'A function that takes another function and extends its behavior', 'A formatting tool', 'None of these', 'B'),
(6, 'How do you delete a variable in Python?', 'delete(x)', 'del x', 'remove x', 'drop x', 'B'),
(6, 'Which of the following is an immutable data type in Python?', 'list', 'dict', 'tuple', 'set', 'C'),
(6, 'What is the output of print("abc" * 2)?', 'abc 2', 'abcabc', 'abc abc', 'Error', 'B'),
(6, 'How do you get a slice of list L from index 1 to 3 (exclusive)?', 'L[1:2]', 'L[1:3]', 'L[1,3]', 'L[1::3]', 'B'),
(6, 'What does sys.argv represent in Python?', 'System architecture name', 'Command line arguments list', 'A list of variables', 'None of these', 'B'),
(6, 'Which function is used to read input from console in Python?', 'read()', 'input()', 'scan()', 'readline()', 'B'),

-- ===========================
-- TEST 7: ADVANCED PYTHON (50 questions)
-- ===========================
(7, 'Which dunder method is responsible for creating a new instance of a class, before initialization?', '__init__', '__new__', '__call__', '__prepare__', 'B'),
(7, 'What is a metaclass in Python?', 'A class that inherits from multiple parent classes', 'A class whose instances are classes themselves', 'A class containing only static methods', 'A class helper wrapper', 'B'),
(7, 'Which dunder method implements the context manager protocol for exit behavior?', '__exit__', '__close__', '__del__', '__finalize__', 'A'),
(7, 'What is the purpose of the __slots__ declaration in a Python class?', 'Declares class methods', 'Restricts attribute creation to save memory', 'Creates thread locks', 'Defines abstract methods', 'B'),
(7, 'How do you implement the descriptor protocol in Python?', 'By defining __get__, __set__, or __delete__ methods', 'By inheriting from Descriptor class', 'By using property decorator only', 'None of these', 'A'),
(7, 'What is the primary function of the Global Interpreter Lock (GIL)?', 'Prevents memory leaks', 'Ensures only one thread executes Python bytecode at a time', 'Enforces strict typing', 'None of these', 'B'),
(7, 'What does the functools.lru_cache decorator do?', 'Caches values on disk', 'Implements a Least Recently Used cache for memoizing function returns', 'Limits function call rates', 'None of these', 'B'),
(7, 'How do __getattr__ and __getattribute__ differ?', '__getattr__ is called for every access, __getattribute__ only when not found', '__getattribute__ is called for every access, __getattr__ only when not found', 'They are exact aliases', 'None of these', 'B'),
(7, 'What is the output of print(type(type)) in Python?', '<class ''type''>', '<class ''object''>', '<class ''class''>', 'Error', 'A'),
(7, 'Which module is used to avoid memory leaks with cyclical references using weak references?', 'gc', 'weakref', 'sys', 'types', 'B'),
(7, 'What does the yield from expression do in a generator?', 'Exits the generator', 'Delegates part of its operations to another generator/iterator', 'Pauses execution forever', 'None of these', 'B'),
(7, 'How does asyncio achieve concurrency in Python?', 'Using kernel-level threads', 'Using multiprocessing pool', 'An event loop running cooperative coroutines', 'None of these', 'C'),
(7, 'Which of the following is true about python closures?', 'They cannot access outer variables', 'They are functions that retain enclosing scope variables', 'They are compiled C extensions', 'None of these', 'B'),
(7, 'What does functools.partial do?', 'Executes function partially', 'Returns a new version of the function with some arguments frozen', 'Creates a thread pool', 'None of these', 'B'),
(7, 'Which dunder method is triggered when a class instance is called like a function?', '__new__', '__init__', '__call__', '__invoke__', 'C'),
(7, 'What is the module used to interface with C dynamic libraries in Python?', 'ctypes', 'cffi', 'swig', 'pybind', 'A'),
(7, 'What is itertools.groupby() requirement on the input dataset?', 'No requirement', 'Input dataset must be sorted by the grouping key', 'Must be a dictionary', 'None of these', 'B'),
(7, 'How do you define an abstract class in Python?', 'Using abstract keyword', 'Inheriting from abc.ABC', 'Creating empty functions', 'None of these', 'B'),
(7, 'Why use field(default_factory=list) in a Python dataclass?', 'To enforce list type', 'To avoid sharing a single mutable default list across all instances', 'It is faster', 'None of these', 'B'),
(7, 'What does PEP 484 define in Python?', 'Style guide', 'Type Hints standard', 'Asyncio framework spec', 'None of these', 'B'),
(7, 'Which built-in function returns a dictionary of the current local symbol table?', 'globals()', 'locals()', 'vars()', 'dir()', 'B'),
(7, 'What does the sys.setrecursionlimit() function do?', 'Limits list size', 'Sets the maximum depth of the Python interpreter stack', 'Limits thread counts', 'None of these', 'B'),
(7, 'What is a decorator in Python?', 'A GUI formatting tool', 'A function that takes another function and extends its behavior without modifying it', 'A class method helper', 'None of these', 'B'),
(7, 'Which dunder method customizes the string representation of an object for developers?', '__str__', '__repr__', '__format__', '__doc__', 'B'),
(7, 'What is the purpose of the nonlocal keyword in Python?', 'Declares global variable', 'Declares variable belongs to nearest enclosing scope that is not global', 'Makes variable private', 'None of these', 'B'),
(7, 'How do you check if an object is an instance of a subclass of a class?', 'isinstance()', 'issubclass()', 'type()', 'None of these', 'B'),
(7, 'What does the compile() built-in function do?', 'Compiles C code', 'Compiles source string into code or AST object', 'Runs tests', 'None of these', 'B'),
(7, 'Which collector handles cyclical garbage collection in Python?', 'Reference counting', 'Generational cyclic garbage collector', 'Manual heap pointer check', 'None of these', 'B'),
(7, 'What does the __all__ variable inside __init__.py define?', 'All modules imported globally', 'List of public objects exported when using from module import *', 'List of all authors', 'None of these', 'B'),
(7, 'Which of the following is true about python generators?', 'They load all items in memory', 'They yield items one by one lazily to save memory', 'They are class methods', 'None of these', 'B'),
(7, 'How do you implement custom dictionary subclass with default value for missing keys?', 'dict.default()', 'collections.defaultdict', 'collections.OrderedDict', 'None of these', 'B'),
(7, 'What does repr() function return?', 'String representation for developers', 'User friendly string representation', 'Binary code representation', 'None of these', 'A'),
(7, 'What is the output of print(any([False, True, False]))?', 'True', 'False', 'None', 'Error', 'A'),
(7, 'Which module allows you to run multiple OS processes for CPU-bound tasks in parallel?', 'threading', 'multiprocessing', 'asyncio', 'concurrent.futures only', 'B'),
(7, 'What does typing.Any represent in Python?', 'Any integer', 'Escape static type checking completely', 'Any string', 'None of these', 'B'),
(7, 'What is monkey patching in Python?', 'Static source modification', 'Dynamic runtime modification of a class or module', 'Testing automation', 'None of these', 'B'),
(7, 'Which built-in function is the counterpart of eval() for executing block statements?', 'exec()', 'run()', 'compile()', 'eval_block()', 'A'),
(7, 'What does the dis module do in Python?', 'Deletes objects', 'Disassembles python byte code into readable instructions', 'Checks types', 'None of these', 'B'),
(7, 'What is the default return value of a function that does not contain a return statement?', 'False', '0', 'None', 'Error', 'C'),
(7, 'Which dunder method handles attribute deletion?', '__delete__', '__delattr__', '__remove__', '__destroy__', 'B'),
(7, 'How do you convert a string containing JSON data into a Python dictionary?', 'json.dump()', 'json.loads()', 'json.dumps()', 'json.load()', 'B'),
(7, 'Which descriptor method is called when setting a value on an instance?', '__get__', '__set__', '__delete__', '__put__', 'B'),
(7, 'What does the trace module do in Python?', 'Traces program execution to report code coverage', 'Checks syntax errors', 'Analyzes memory leaks', 'None of these', 'A'),
(7, 'How do you implement abstract method in abstract base class?', 'Using @abstractmethod decorator', 'Throwing NotImplementedError', 'Both A and B are valid', 'None of these', 'C'),
(7, 'What is Python''s MRO?', 'Memory Reduction Object', 'Method Resolution Order', 'Module Routing Option', 'None of these', 'B'),
(7, 'What is the purpose of the contextlib module?', 'Provides utilities for working with context managers and with statements', 'Manages thread locks', 'Provides security rules', 'None of these', 'A'),
(7, 'What does the collections.Counter class do?', 'Counts elapsed time', 'Counts occurrences of elements in a collection', 'Counts thread counts', 'None of these', 'B'),
(7, 'What is the output of isinstance(True, int) in Python?', 'True', 'False', 'None', 'Error', 'A'),
(7, 'How do you profile python code execution time?', 'Using timeit module', 'Using cProfile module', 'Both A and B are valid', 'None of these', 'C'),
(7, 'What does dict.fromkeys() do?', 'Gets all keys', 'Creates a new dictionary with keys from iterable and values set to specified value', 'Deletes keys', 'None of these', 'B'),

-- ===========================
-- TEST 8: RUST PROGRAMMING (50 questions)
-- ===========================
(8, 'What is the primary mechanism Rust uses to guarantee memory safety without a garbage collector?', 'Manual free call checks', 'Ownership and borrowing system', 'Automatic reference counting only', 'Static variable typing', 'B'),
(8, 'In Rust, what does a lifetime annotation (e.g. ''a) signify?', 'The execution time of a thread', 'The scope/duration for which a reference is valid', 'The memory footprint of a struct', 'None of these', 'B'),
(8, 'Which of the following smart pointers allows heap allocation in Rust?', 'Rc<T>', 'Box<T>', 'RefCell<T>', 'None of these', 'B'),
(8, 'What is the difference between Rc<T> and Arc<T>?', 'Rc is thread-safe, Arc is not', 'Arc is atomically reference counted (thread-safe), Rc is not', 'Arc is faster than Rc', 'None of these', 'B'),
(8, 'What is the purpose of the Option<T> type in Rust?', 'Represents optional command line arguments', 'Represents a value that may or may not be present (null safety)', 'Configures cargo build targets', 'None of these', 'B'),
(8, 'How does Rust handle recoverable errors?', 'Using try-catch blocks', 'Using Result<T, E> enum returning Ok or Err', 'Using throwing functions', 'Aborting process', 'B'),
(8, 'What does the RefCell<T> type enable in Rust?', 'Atomic variables', 'Interior mutability (mutating data through shared references)', 'Manual pointers', 'None of these', 'B'),
(8, 'What does the turbofish operator (::<>) do in Rust?', 'Declares macro parameters', 'Helper to specify generic type parameters explicitly to the compiler', 'Handles trait bounds', 'None of these', 'B'),
(8, 'Which trait represents types that can be duplicated by making a bitwise copy of their memory bytes?', 'Clone', 'Copy', 'Send', 'Sync', 'B'),
(8, 'What is a zero-cost abstraction in Rust?', 'An abstraction that has no compilation overhead', 'An abstraction that compiles away to have no runtime performance overhead', 'A free open-source crate', 'None of these', 'B'),
(8, 'What does the Sync trait indicate in Rust?', 'It is safe to share references to this type between multiple threads', 'It is safe to transfer ownership of this type between threads', 'Type methods are synchronized', 'None of these', 'A'),
(8, 'What does the Send trait indicate in Rust?', 'It is safe to share references to this type between threads', 'It is safe to transfer ownership of this type between threads', 'Type can write to socket', 'None of these', 'B'),
(8, 'What is the purpose of the unsafe keyword block in Rust?', 'Allows compiler to bypass type checks', 'Allows dereferencing raw pointers, calling unsafe functions, etc.', 'Speeds up cargo build', 'None of these', 'B'),
(8, 'What does the cargo check command do?', 'Compiles the project and runs binary', 'Compiles the package quickly without code generation to check for errors', 'Runs cargo test', 'None of these', 'B'),
(8, 'Which macro is used to define declarative macros in Rust?', 'macro_rules!', '#[macro]', 'create_macro!', 'None of these', 'A'),
(8, 'What is the purpose of the AsRef trait in Rust?', 'Cheap reference-to-reference conversion', 'Allows mutable reference casts', 'Performs type casting', 'None of these', 'A'),
(8, 'What is the role of Deref coercion in Rust?', 'Converts reference of one type to another based on Deref trait implementation', 'Forces object drop', 'Casts raw pointers to smart pointers', 'None of these', 'A'),
(8, 'What does Option::and_then do in Rust?', 'Executes block if Option is None', 'Maps an Option by applying function if Some, returning Option result', 'Aborts program if None', 'None of these', 'B'),
(8, 'What is a panic in Rust?', 'An out-of-memory error', 'An unrecoverable error that aborts or unwinds the current thread stack', 'A syntax error', 'None of these', 'B'),
(8, 'How do threads communicate using message passing in Rust?', 'Using global static variables', 'Using channels (Sender and Receiver)', 'Using mutex pointers', 'None of these', 'B'),
(8, 'What is the difference between Cell<T> and RefCell<T>?', 'Cell works by copying values, RefCell works with references check at runtime', 'RefCell is thread-safe, Cell is not', 'Cell is heap allocated, RefCell is stack allocated', 'None of these', 'A'),
(8, 'Which of the following is NOT a built-in macro in Rust?', 'println!', 'panic!', 'format!', 'system!', 'D'),
(8, 'What is the slice type for strings in Rust?', 'String', '&str', 'char[]', 'std::string', 'B'),
(8, 'How do you create a mutable reference in Rust?', '&mut variable', 'ref mut variable', '&variable', 'mut &variable', 'A'),
(8, 'What does #[derive(Debug)] do?', 'Compiles code in debug mode', 'Automatically generates format implementation for debugging output', 'Enables debugger breakpoints', 'None of these', 'B'),
(8, 'What is a trait in Rust?', 'A class template', 'A way to define shared behavior/interfaces on types', 'A type alias', 'None of these', 'B'),
(8, 'How do you specify trait bounds for a generic function?', 'Using the where clause or inline syntax', 'Using implements keyword', 'Using extends keyword', 'None of these', 'A'),
(8, 'What is the purpose of the Drop trait in Rust?', 'Drops database table connection', 'Deallocates resources and runs cleanup code when value goes out of scope', 'Throws panic', 'None of these', 'B'),
(8, 'What does static lifetime (''static) mean in Rust?', 'Reference lives for the entire duration of the program execution', 'Variable is static member', 'Compile time constant', 'None of these', 'A'),
(8, 'How do you prevent a variable from being dropped at the end of a scope?', 'Call std::mem::forget()', 'Call std::mem::drop()', 'Call std::mem::keep()', 'None of these', 'A'),
(8, 'Which crate is the standard serialization framework in Rust?', 'serde', 'json', 'rustc_serialize', 'marshal', 'A'),
(8, 'What does the ? operator do in Rust?', 'Performs boolean checks', 'Propagates errors up the call stack by returning Err early if present', 'Checks optional values', 'None of these', 'B'),
(8, 'What is a match control flow construct in Rust?', 'A regex evaluator', 'A pattern matching construct that is exhaustive', 'A simple switch-case statement', 'None of these', 'B'),
(8, 'What does the core::pin::Pin type do?', 'Locks thread execution', 'Pins data in memory preventing it from being moved', 'Pins thread priority', 'None of these', 'B'),
(8, 'What is a Cargo workspace?', 'A cargo plugin', 'A set of packages that share the same Cargo.lock and output directory', 'A dev environment', 'None of these', 'B'),
(8, 'What does the lazy_static crate do?', 'Defines lazy variables', 'Allows declaration of static variables that require runtime evaluation', 'Optimizes compiles', 'None of these', 'B'),
(8, 'Which of these is a raw pointer in Rust?', '*const T and *mut T', '&T and &mut T', 'Box<T>', 'None of these', 'A'),
(8, 'What does std::thread::spawn do?', 'Spawns OS process', 'Spawns a new operating system thread', 'Spawns green thread', 'None of these', 'B'),
(8, 'Which trait is used for string parsing in Rust?', 'Parse', 'FromStr', 'ToString', 'Into', 'B'),
(8, 'What is the default mutability of variables in Rust?', 'Mutable', 'Immutable', 'Dynamic', 'Depends on type', 'B'),
(8, 'How do you perform pattern matching on fields of a struct?', 'Using struct destructuring', 'Using dot operator', 'Using cast methods', 'None of these', 'A'),
(8, 'What is the purpose of the std::rc::Weak type?', 'Refers to weak references to avoid reference counting cycles', 'Cheap reference conversion', 'Represents weak threads', 'None of these', 'A'),
(8, 'What does compile_error! macro do?', 'Logs compile warning', 'Forces compilation to fail with specified message', 'Checks runtime error', 'None of these', 'B'),
(8, 'What is the role of phantom data (std::marker::PhantomData)?', 'Stores temporary data', 'Zero-sized marker type to tell compiler about generic type relationships', 'Caches structure details', 'None of these', 'B'),
(8, 'Which allocator is Rust''s default system allocator since version 1.32?', 'jemalloc', 'System allocator', 'tcmalloc', 'None of these', 'B'),
(8, 'What does the FnOnce closure trait mean?', 'Closure can be called multiple times', 'Closure consumes captured variables and can be called at most once', 'Closure cannot capture variables', 'None of these', 'B'),
(8, 'What does FnMut closure trait mean?', 'Closure can mutate captured variables and be called multiple times', 'Closure can only be called once', 'Closure cannot mutate variables', 'None of these', 'A'),
(8, 'Which tool is the official Rust code formatter?', 'rustup', 'cargo fmt / rustfmt', 'cargo check', 'clippy', 'B'),
(8, 'Which tool is the official Rust linter for checking code smells?', 'rustfmt', 'clippy', 'cargo check', 'rustup', 'B'),
(8, 'What is the turbofish syntax for calling generics like collect()?', 'collect::<Vec<i32>>()', 'collect<Vec<i32>>()', 'collect::Vec<i32>()', 'None of these', 'A'),

-- ===========================
-- TEST 9: GO PROGRAMMING (50 questions)
-- ===========================
(9, 'What is a goroutine in Go?', 'An operating system thread', 'A lightweight thread of execution managed by the Go runtime', 'A loop construct', 'A system interrupt', 'B'),
(9, 'How is an interface implemented in the Go programming language?', 'Explicitly using implements keyword', 'Implicitly, by implementing all the interface''s methods', 'By inheriting from interface struct', 'None of these', 'B'),
(9, 'What is a channel in Go?', 'A system socket wrapper', 'A typed conduit used for goroutines to communicate and synchronize', 'An HTTP router', 'None of these', 'B'),
(9, 'What does the defer statement do in Go?', 'Postpones variable allocation', 'Defers execution of a function until the surrounding function returns', 'Caches function results', 'None of these', 'B'),
(9, 'How do slices differ from arrays in Go?', 'Slices have fixed size, arrays do not', 'Arrays have fixed size, slices are dynamic wrappers on top of arrays', 'Slices are read-only', 'None of these', 'B'),
(9, 'What is the difference between make() and new() in Go?', 'make allocates memory, new does not', 'new returns pointer to zeroed value, make allocates and initializes map/slice/chan', 'make is for heap, new is for stack', 'None of these', 'B'),
(9, 'What does the select statement do in Go?', 'Selects database records', 'Blocks until one of its case communication operations can run', 'Selects active thread', 'None of these', 'B'),
(9, 'What is a buffered channel in Go?', 'A channel with file cache', 'A channel with a capacity queue that does not block senders until full', 'A channel for large structs only', 'None of these', 'B'),
(9, 'How is error handling structured in Go?', 'Using try-catch blocks', 'Functions return an error interface value as the last return parameter', 'Using panic and recover for all errors', 'None of these', 'B'),
(9, 'What does the blank identifier (_) represent in Go?', 'A default value', 'A write-only variable used to discard values', 'A null pointer', 'None of these', 'B'),
(9, 'What is the role of panic and recover in Go?', 'Standard error routing', 'Mechanism for reporting and handling runtime panic/unrecoverable errors', 'Throws exception classes', 'None of these', 'B'),
(9, 'What is sync.WaitGroup used for in Go?', 'Synchronizes thread clocks', 'Waits for a collection of goroutines to finish execution', 'Locks variables', 'None of these', 'B'),
(9, 'What does context.Context manage in Go applications?', 'App config files', 'Deadlines, cancellation signals, and request-scoped values across API boundaries', 'Database queries only', 'None of these', 'B'),
(9, 'Which package is used to serialize structs to JSON in Go?', 'json', 'encoding/json', 'marshal/json', 'None of these', 'B'),
(9, 'What does sync.Once guarantee in Go?', 'Variable is assigned once', 'Function passed to it is executed exactly once', 'Loop runs once', 'None of these', 'B'),
(9, 'How does Go runtime manage heap memory deallocation?', 'Using manual free calls', 'Using automatic Garbage Collector (GC)', 'Memory is never deallocated', 'None of these', 'B'),
(9, 'What is struct embedding in Go?', 'Composition achieved by including anonymous struct fields in another struct', 'Converting struct to binary', 'Class inheritance', 'None of these', 'A'),
(9, 'What is the default value of a pointer in Go if it is not initialized?', '0', 'nil', 'void', 'empty', 'B'),
(9, 'What does the go mod init command do?', 'Compiles go code', 'Initializes and creates a new go.mod file to manage project dependencies', 'Downloads all packages', 'None of these', 'B'),
(9, 'How do you run tests in Go?', 'go test', 'go run test', 'go execute', 'None of these', 'A'),
(9, 'What happens if you send a value to a closed channel in Go?', 'It blocks forever', 'It panics', 'It discards the value silently', 'None of these', 'B'),
(9, 'What happens if you receive from a closed channel in Go?', 'It panics', 'Returns the zero value of the channel''s type and a boolean ok set to false', 'It blocks forever', 'None of these', 'B'),
(9, 'What does the copy() function do with slices?', 'Copies memory addresses', 'Copies elements from source slice to destination slice', 'Creates deep copy of nested structs', 'None of these', 'B'),
(9, 'How do you declare a map in Go?', 'map[KeyType]ValueType', 'map(KeyType, ValueType)', 'make_map()', 'None of these', 'A'),
(9, 'What is the size of an int type in Go?', 'Always 32 bits', 'Either 32 or 64 bits depending on target system architecture', 'Always 64 bits', '16 bits', 'B'),
(9, 'Which keyword is used to declare variables in Go?', 'var', 'let', 'def', 'val', 'A'),
(9, 'What is the short variable declaration syntax in Go?', ':=', '=', '::', '->', 'A'),
(9, 'Can Go structs have methods?', 'No, only classes have methods', 'Yes, by defining functions with a receiver argument', 'Yes, inside struct body', 'None of these', 'B'),
(9, 'What does the iota identifier represent in Go const declarations?', 'Complex numbers', 'Successive untyped integer constants starting from 0', 'String counter', 'None of these', 'B'),
(9, 'How does Go handle unused imports?', 'Allows with warning', 'Causes a compilation error', 'Deletes them automatically', 'None of these', 'B'),
(9, 'What does the go fmt command do?', 'Builds binary', 'Formats Go source code to conform to official style guidelines', 'Runs linter tests', 'None of these', 'B'),
(9, 'What package provides cryptographic hash algorithms like SHA256 in Go?', 'crypto/sha256', 'crypt', 'hash/sha', 'None of these', 'A'),
(9, 'What does the init() function do in Go packages?', 'Initializes variable types', 'Executed automatically before main() to initialize package states', 'Runs database migration', 'None of these', 'B'),
(9, 'Which keyword is used to start a goroutine?', 'goroutine', 'go', 'async', 'thread', 'B'),
(9, 'What is a rune in Go?', 'A system package', 'An alias for int32, representing a Unicode code point', 'A byte pointer', 'None of these', 'B'),
(9, 'How do you declare a constant in Go?', 'const', 'final', 'static', 'val', 'A'),
(9, 'What does the append() function do if slice capacity is exceeded?', 'Throws error', 'Allocates a new larger underlying array and copies elements over', 'Overwrites first elements', 'None of these', 'B'),
(9, 'Which sync package struct implements a reader/writer mutual exclusion lock?', 'Mutex', 'RWMutex', 'Lock', 'RWLock', 'B'),
(9, 'What is the default capacity of an unbuffered channel in Go?', '1', '0', 'Infinite', 'None of these', 'B'),
(9, 'How do you check if a key exists in a map in Go?', 'value, ok := myMap[key]', 'myMap.contains(key)', 'myMap.has(key)', 'None of these', 'A'),
(9, 'What package is used to print formatted text to console in Go?', 'fmt', 'print', 'io', 'log', 'A'),
(9, 'What is the entry point function name of any executable Go program?', 'Main()', 'main()', 'start()', 'init()', 'B'),
(9, 'What package name must be declared at the top of executable program entry file?', 'package executable', 'package main', 'package root', 'None of these', 'B'),
(9, 'What does the go build command do?', 'Runs tests', 'Compiles the packages along with dependencies to produce executable binary', 'Downloads packages', 'None of these', 'B'),
(9, 'What is a nil channel in Go?', 'A channel with 0 elements', 'A channel declared without initialization; sends/receives block forever', 'A closed channel', 'None of these', 'B'),
(9, 'What is the difference between value receiver and pointer receiver in methods?', 'No difference', 'Pointer receiver can modify receiver value, value receiver operates on copy', 'Value receiver is faster', 'None of these', 'B'),
(9, 'What does the time.Tick() function do in Go?', 'Counts clock ticks', 'Returns a channel that delivers tick events at specified intervals', 'Limits runtime execution', 'None of these', 'B'),
(9, 'How do you handle Panic inside a Goroutine in Go?', 'Using recover() inside a deferred function inside that specific goroutine', 'Using try-catch around go statement', 'Using global recover handler', 'None of these', 'A'),
(9, 'What does the runtime.NumCPU() function return?', 'Number of active processes', 'Number of logical CPUs usable by the current process', 'CPU utilization percentage', 'None of these', 'B'),
(9, 'Which built-in function returns the capacity of a slice or channel?', 'len()', 'cap()', 'size()', 'capacity()', 'B'),

-- ===========================
-- TEST 10: COMPUTER APTITUDE (50 questions)
-- ===========================
(10, 'Which of the following is the brain of the computer?', 'RAM', 'CPU', 'Hard Disk', 'Monitor', 'B'),
(10, 'What does OS stand for in computer science?', 'Open Source', 'Operating System', 'Optical Sensor', 'Output System', 'B'),
(10, 'Which of the following is an example of an Operating System?', 'Python', 'Windows', 'HTML', 'Router', 'B'),
(10, 'What is the primary function of RAM?', 'Permanent storage', 'Temporary storage for active running processes', 'Connecting to internet', 'None of these', 'B'),
(10, 'What does CPU stand for?', 'Computer Processing Unit', 'Central Processing Unit', 'Central Processor Utility', 'None of these', 'B'),
(10, 'Which scheduling algorithm can cause starvation?', 'Round Robin', 'Shortest Job First', 'First Come First Served', 'None of these', 'B'),
(10, 'What is virtual memory?', 'RAM on another computer', 'Memory management technique using hard disk space as temporary RAM', 'ROM memory', 'None of these', 'B'),
(10, 'Which of the following is a loopback IP address?', '127.0.0.1', '192.168.1.1', '10.0.0.1', '255.255.255.255', 'A'),
(10, 'What layer of the OSI model handles routing?', 'Transport Layer', 'Network Layer', 'Physical Layer', 'Data Link Layer', 'B'),
(10, 'What does DNS stand for?', 'Domain Name System', 'Dynamic Network Service', 'Data Node Server', 'None of these', 'A'),
(10, 'What is the default port for HTTP?', '80', '443', '22', '8080', 'A'),
(10, 'What is the default port for HTTPS?', '80', '443', '21', '22', 'B'),
(10, 'Which protocol is used to securely log in to remote systems?', 'FTP', 'SSH', 'SMTP', 'Telnet', 'B'),
(10, 'Which of the following is an asymmetric encryption algorithm?', 'AES', 'RSA', 'DES', 'Blowfish', 'B'),
(10, 'What is a firewall used for?', 'Cooling CPU', 'Filtering incoming and outgoing network traffic', 'Compiling code', 'None of these', 'B'),
(10, 'What does cloud computing mean?', 'Weather forecasting', 'Delivering computing services over the internet', 'Local network hosting', 'None of these', 'B'),
(10, 'Which of the following is an example of a public cloud provider?', 'Local storage drive', 'Amazon Web Services (AWS)', 'Windows OS', 'None of these', 'B'),
(10, 'What is the primary concept behind Neural Networks in AI?', 'Simulating human brain structure and learning patterns', 'Linear database indexes', 'Standard conditional statements', 'None of these', 'A'),
(10, 'What does MAC address stand for?', 'Media Access Control', 'Machine Access Code', 'Memory Allocation Center', 'None of these', 'A'),
(10, 'Which protocol is connection-oriented?', 'UDP', 'TCP', 'IP', 'ICMP', 'B'),
(10, 'What is a dead lock in operating systems?', 'An unrecoverable system crash', 'A set of processes blocked because each holds a resource and waits for another', 'Slow disk read speed', 'None of these', 'B'),
(10, 'What does the ping command do?', 'Downloads files', 'Tests connectivity to a network host', 'Encrypts files', 'None of these', 'B'),
(10, 'Which of the following is a type of cyber security threat?', 'Phishing', 'Malware', 'SQL Injection', 'All of the above', 'D'),
(10, 'What is the purpose of database indexing?', 'Encrypting tables', 'Improving query performance and data retrieval speed', 'Reducing storage size', 'None of these', 'B'),
(10, 'What does SaaS stand for?', 'Software as a Service', 'System as a Security', 'Service as a Software', 'None of these', 'A'),
(10, 'Which model is used to categorize cloud services?', 'IaaS, PaaS, SaaS', 'TCP/IP model', 'OSI model', 'None of these', 'A'),
(10, 'What does SQL stand for?', 'Standard Query Language', 'Structured Query Language', 'Simple Query Logic', 'None of these', 'B'),
(10, 'Which of these is a database management system?', 'MongoDB', 'MySQL', 'PostgreSQL', 'All of the above', 'D'),
(10, 'What is the default port for MySQL database?', '3306', '5432', '8080', '1521', 'A'),
(10, 'What layer of the OSI model does a router operate on?', 'Physical Layer', 'Data Link Layer', 'Network Layer', 'Session Layer', 'C'),
(10, 'What is the function of the ARP protocol?', 'Resolves Domain Names', 'Resolves IP addresses to MAC hardware addresses', 'Sends emails securely', 'None of these', 'B'),
(10, 'Which of the following is a private IP address range?', '192.168.0.0 to 192.168.255.255', '8.8.8.8 to 8.8.4.4', '1.1.1.1 to 1.0.0.1', 'None of these', 'A'),
(10, 'What does VPN stand for?', 'Virtual Private Network', 'Verified Personal Node', 'Variable Port Network', 'None of these', 'A'),
(10, 'Which attack floods a system with traffic to make it unavailable?', 'Phishing', 'DDoS', 'Spyware', 'None of these', 'B'),
(10, 'What is a trojan horse in cyber security?', 'A hardware router bug', 'A benign-looking program that performs malicious actions', 'A type of network switch', 'None of these', 'B'),
(10, 'What is virtualization in cloud computing?', 'Caching web data', 'Creating virtual representations of servers, storage, and networks', 'Using online word editors', 'None of these', 'B'),
(10, 'What does PaaS stand for?', 'Platform as a Service', 'Payment as a Service', 'Process as a System', 'None of these', 'A'),
(10, 'What does IaaS stand for?', 'Internet as a Service', 'Infrastructure as a Service', 'Integration as a System', 'None of these', 'B'),
(10, 'What is Supervised Learning in AI?', 'Learning without labeled training data', 'Learning with labeled training data and targets', 'Random guess algorithms', 'None of these', 'B'),
(10, 'What is the purpose of Page Replacement Algorithms in OS?', 'Managing disk partitions', 'Deciding which memory page to page out when new page needs allocation', 'Clearing cache files', 'None of these', 'B'),
(10, 'Which layer in the TCP/IP model corresponds to the Network Layer in the OSI model?', 'Transport', 'Internet', 'Application', 'Network Interface', 'B'),
(10, 'What does the SMTP protocol do?', 'Downloads emails to client', 'Transfers email messages between servers', 'Resolves DNS names', 'None of these', 'B'),
(10, 'What does DHCP stand for?', 'Dynamic Host Configuration Protocol', 'Domain Host Connection Port', 'Dynamic Hashing Control Process', 'None of these', 'A'),
(10, 'Which OSI layer is responsible for translating data formats?', 'Application Layer', 'Presentation Layer', 'Session Layer', 'Transport Layer', 'B'),
(10, 'What is the default port for SSH?', '21', '22', '23', '80', 'B'),
(10, 'What is the maximum number of host addresses in a subnet with mask /24?', '254', '256', '512', '128', 'A'),
(10, 'Which of the following is a non-volatile memory?', 'RAM', 'Cache', 'ROM', 'Registers', 'C'),
(10, 'What does SSL stand for?', 'Secure Sockets Layer', 'System Security Lock', 'Simple Session Logic', 'None of these', 'A'),
(10, 'What is kernel in operating systems?', 'A UI shell program', 'The core component of OS managing system resource allocation', 'A hardware controller', 'None of these', 'B'),
(10, 'What is the main advantage of RAID 1?', 'Striping for speed', 'Disk mirroring for redundancy/data safety', 'Parity checks', 'None of these', 'B'),

-- ===========================
-- TEST 11: PROGRAMMING APTITUDE (50 questions)
-- ===========================
(11, 'What is the output of print(int("10") + 5) in Python?', '105', '15', 'Error', 'None of these', 'B'),
(11, 'Which keyword is used to declare a constant variable in JavaScript?', 'var', 'let', 'const', 'final', 'C'),
(11, 'How do you check length of list in Python?', 'L.size()', 'len(L)', 'L.length()', 'count(L)', 'B'),
(11, 'What is the size of double in C++?', '4 bytes', '8 bytes', '16 bytes', '2 bytes', 'B'),
(11, 'Which data structure follows LIFO (Last In First Out)?', 'Queue', 'Stack', 'Linked List', 'Tree', 'B'),
(11, 'What is the time complexity of searching in a balanced binary search tree?', 'O(N)', 'O(log N)', 'O(1)', 'O(N log N)', 'B'),
(11, 'Which of these is NOT an OOP principle?', 'Encapsulation', 'Compilation', 'Inheritance', 'Polymorphism', 'B'),
(11, 'What is the output of the expression 5 / 2 in C (integer division)?', '2.5', '2', '3', 'Error', 'B'),
(11, 'How do you start a comment in JavaScript?', '//', '#', '--', '/*', 'A'),
(11, 'Which data structure follows FIFO (First In First Out)?', 'Stack', 'Queue', 'Graph', 'Heap', 'B'),
(11, 'What is the output of "10" + 20 in JavaScript?', '30', '1020', 'Error', 'None of these', 'B'),
(11, 'Which operator is used to access object properties in C++ using a pointer?', '.', '->', '::', '*', 'B'),
(11, 'What is the output of print("Hello"[1]) in Python?', 'H', 'e', 'l', 'o', 'B'),
(11, 'What is the average time complexity of Quick Sort?', 'O(N^2)', 'O(N log N)', 'O(N)', 'O(log N)', 'B'),
(11, 'Which concept refers to wrapping data and methods inside a single class?', 'Polymorphism', 'Encapsulation', 'Inheritance', 'Abstraction', 'B'),
(11, 'What is a pointer in C and C++?', 'A variable that stores the memory address of another variable', 'A function helper', 'A mathematical index', 'None of these', 'A'),
(11, 'What does the break statement do inside a loop?', 'Exits the entire program', 'Terminates the loop immediately and transfers control to next statement', 'Skips the current iteration only', 'None of these', 'B'),
(11, 'What does the continue statement do inside a loop?', 'Terminates the loop', 'Skips the remaining statements in current iteration and moves to next', 'Pauses execution', 'None of these', 'B'),
(11, 'How do you initialize an empty array in JavaScript?', 'let arr = ()', 'let arr = {}', 'let arr = []', 'let arr = Array.new()', 'C'),
(11, 'What is the output of 5 == "5" in JavaScript (loose comparison)?', 'True', 'False', 'None', 'Error', 'A'),
(11, 'What is the output of 5 === "5" in JavaScript (strict comparison)?', 'True', 'False', 'None', 'Error', 'B'),
(11, 'Which keyword is used to return a value from a function?', 'give', 'return', 'exit', 'send', 'B'),
(11, 'Which HTML tag is used to define an internal style sheet?', '<css>', '<style>', '<script>', '<link>', 'B'),
(11, 'How do you change the background color of an element in CSS?', 'color:', 'background-color:', 'bg-color:', 'None of these', 'B'),
(11, 'What is the output of 10 > 5 && 5 > 10 in programming?', 'True', 'False', 'None', 'Error', 'B'),
(11, 'Which data structure is best suited for implementing recursion?', 'Queue', 'Stack', 'Array', 'Tree', 'B'),
(11, 'What is the binary search time complexity?', 'O(N)', 'O(log N)', 'O(N^2)', 'O(1)', 'B'),
(11, 'What is the main feature of Java?', 'Platform independence (Write Once, Run Anywhere)', 'Manual memory management', 'No OOP support', 'None of these', 'A'),
(11, 'What is standard template library (STL) in C++?', 'A compilation utility', 'A collection of template classes for containers, algorithms, iterators', 'A GUI layout tool', 'None of these', 'B'),
(11, 'Which operator is used to assign a value in programming?', '=', '==', '===', ':=', 'A'),
(11, 'What does SQL stand for?', 'Sample Query Language', 'Structured Query Language', 'System Query Logic', 'None of these', 'B'),
(11, 'What is a boolean data type?', 'Stores numbers', 'Stores either True or False values', 'Stores text string', 'None of these', 'B'),
(11, 'How do you check if a number is even?', 'num % 2 == 0', 'num / 2 == 0', 'num % 2 != 0', 'None of these', 'A'),
(11, 'What is an infinite loop?', 'A loop that never executes', 'A loop that continues executing indefinitely because stop condition is never met', 'A nested loop', 'None of these', 'B'),
(11, 'What is a constructor in object-oriented programming?', 'A method to destroy objects', 'A special method called automatically when an object is instantiated', 'A compiler component', 'None of these', 'B'),
(11, 'What is method overloading?', 'Two methods with different names but same parameters', 'Two or more methods in same class with same name but different parameters', 'Inheriting methods from base class', 'None of these', 'B'),
(11, 'What is method overriding?', 'Declaring static class methods', 'Redefining a base class method inside a subclass with same signature', 'Creating multiple constructors', 'None of these', 'B'),
(11, 'Which tag is used to create a hyperlink in HTML?', '<link>', '<a>', '<href>', '<hyper>', 'B'),
(11, 'Which CSS property controls the text size?', 'font-style', 'text-size', 'font-size', 'text-style', 'C'),
(11, 'What does DOM stand for in web development?', 'Document Object Model', 'Data Object Management', 'Domain Object Model', 'None of these', 'A'),
(11, 'What is a class in OOP?', 'A dynamic function', 'A blueprint or template for creating objects', 'A runtime variable', 'None of these', 'B'),
(11, 'Which data structure consists of nodes where each node has data and a pointer to next node?', 'Array', 'Linked List', 'Stack', 'Queue', 'B'),
(11, 'What is the worst-case time complexity of Bubble Sort?', 'O(N)', 'O(N^2)', 'O(log N)', 'O(N log N)', 'B'),
(11, 'Which sorting algorithm works by repeatedly selecting the minimum element?', 'Quick Sort', 'Selection Sort', 'Merge Sort', 'Insertion Sort', 'B'),
(11, 'What is the scope of a variable declared with let in JavaScript?', 'Global scope', 'Block scope', 'Function scope only', 'None of these', 'B'),
(11, 'What is the purpose of the self parameter in Python class methods?', 'Represents the class itself', 'Represents the instance of the class being accessed', 'A global utility pointer', 'None of these', 'B'),
(11, 'How do you import a package in Java?', 'import package.name;', 'include package.name;', 'require package.name;', 'None of these', 'A'),
(11, 'What does the delete operator do in C++?', 'Deletes compiler logs', 'Deallocates dynamically allocated heap memory', 'Deletes source file lines', 'None of these', 'B'),
(11, 'Which keyword is used to inherit a class in Java?', 'implements', 'extends', 'inherits', 'super', 'B'),
(11, 'Which CSS selector selects elements with a specific class?', '#class-name', '.class-name', 'class-name', '*class-name', 'B'),

-- ===========================
-- TEST 12: SQL MASTERY (50 questions)
-- ===========================
(12, 'Which SQL clause is used to filter records?', 'FILTER', 'WHERE', 'HAVING', 'GROUP BY', 'B'),
(12, 'What does SELECT DISTINCT do in SQL?', 'Retrieves duplicate records', 'Retrieves only unique/different values', 'Filters database tables', 'None of these', 'B'),
(12, 'How do you sort query results in descending order?', 'SORT BY DESC', 'ORDER BY DESC', 'GROUP BY DESC', 'ORDER DESC', 'B'),
(12, 'Which clause is used with aggregate functions to group result rows?', 'ORDER BY', 'GROUP BY', 'HAVING', 'WHERE', 'B'),
(12, 'What is the difference between WHERE and HAVING clauses?', 'No difference', 'WHERE filters rows before grouping, HAVING filters groups after GROUP BY', 'HAVING filters rows, WHERE filters groups', 'None of these', 'B'),
(12, 'Which SQL join returns all rows when there is a match in either left or right table?', 'LEFT JOIN', 'FULL OUTER JOIN', 'INNER JOIN', 'RIGHT JOIN', 'B'),
(12, 'What does an INNER JOIN do?', 'Returns all records from both tables', 'Returns only records that have matching values in both tables', 'Returns left table records only', 'None of these', 'B'),
(12, 'How do you insert new records into a database table?', 'ADD RECORD', 'INSERT INTO', 'UPDATE', 'CREATE ROW', 'B'),
(12, 'How do you modify existing records in a table?', 'INSERT', 'UPDATE', 'MODIFY', 'ALTER', 'B'),
(12, 'Which SQL command is used to delete a table structure from database?', 'DELETE', 'DROP', 'TRUNCATE', 'REMOVE', 'B'),
(12, 'What is the difference between DROP and TRUNCATE?', 'DROP deletes all rows, TRUNCATE deletes table structure', 'TRUNCATE deletes all rows but preserves structure, DROP deletes structure entirely', 'They are exact aliases', 'None of these', 'B'),
(12, 'What is a Primary Key in SQL?', 'A key that allows duplicate and null values', 'A unique identifier for each record in a table, cannot be NULL', 'A foreign constraint', 'None of these', 'B'),
(12, 'What is a Foreign Key in SQL?', 'A key that uniquely identifies a row in same table', 'A field in one table that refers to the Primary Key in another table', 'A primary key for guest users', 'None of these', 'B'),
(12, 'Which aggregate function returns the total number of rows?', 'SUM()', 'COUNT()', 'AVG()', 'MAX()', 'B'),
(12, 'How do you find the highest value in a column?', 'MAX()', 'MIN()', 'SUM()', 'HIGH()', 'A'),
(12, 'Which SQL constraint ensures that a column cannot have NULL values?', 'UNIQUE', 'NOT NULL', 'CHECK', 'DEFAULT', 'B'),
(12, 'What does the UNIQUE constraint do?', 'Allows multiple null values only', 'Ensures all values in a column are different', 'Creates primary key', 'None of these', 'B'),
(12, 'What is a subquery in SQL?', 'A query executed in a separate session', 'A query nested inside another SQL query statement', 'A database view', 'None of these', 'B'),
(12, 'What does the UNION operator do?', 'Combines result sets of two or more SELECT queries (removing duplicates)', 'Joins two tables on key', 'Sums column totals', 'None of these', 'A'),
(12, 'What does UNION ALL do?', 'Combines result sets and removes duplicates', 'Combines result sets of queries including all duplicate rows', 'Filters rows', 'None of these', 'B'),
(12, 'Which SQL operator is used to search for a specified pattern in a column?', 'IN', 'LIKE', 'BETWEEN', 'MATCH', 'B'),
(12, 'What wildcards are used with the LIKE operator?', '% and _', '* and ?', '# and @', 'None of these', 'A'),
(12, 'What does the BETWEEN operator do?', 'Matches values outside a range', 'Selects values within a given range (inclusive)', 'Groups table columns', 'None of these', 'B'),
(12, 'How do you check for NULL values in SQL?', 'column = NULL', 'column IS NULL', 'column IS NOT EMPTY', 'column = ""', 'B'),
(12, 'What is a View in SQL?', 'A database table structure', 'A virtual table based on the result-set of an SQL statement', 'An index backup', 'None of these', 'B'),
(12, 'What is an Index in databases?', 'A copy of the table', 'A pointer data structure used to speed up data retrieval operations', 'A row number list', 'None of these', 'B'),
(12, 'Which SQL command is used to add a new column to an existing table?', 'UPDATE TABLE', 'ALTER TABLE', 'MODIFY TABLE', 'INSERT COLUMN', 'B'),
(12, 'What is a self-join?', 'Joining a table to a copy of itself', 'Joining a table to another database', 'Creating a table index', 'None of these', 'A'),
(12, 'Which SQL operator allows specifying multiple values in a WHERE clause?', 'BETWEEN', 'IN', 'LIKE', 'AND', 'B'),
(12, 'What does the COMMIT command do in transactions?', 'Rollback all changes', 'Saves all changes made during the current transaction permanently', 'Logs user actions', 'None of these', 'B'),
(12, 'What does the ROLLBACK command do?', 'Saves transactions', 'Undoes changes made during the current transaction, returning to previous state', 'Resets table indexes', 'None of these', 'B'),
(12, 'What is ACID in database transactions?', 'Atomicity, Consistency, Isolation, Durability', 'Access, Control, Index, Data', 'Atomicity, Connection, Isolation, Database', 'None of these', 'A'),
(12, 'What does the CHECK constraint do?', 'Ensures column is not null', 'Limits the value range that can be placed in a column', 'Checks connection status', 'None of these', 'B'),
(12, 'Which join returns all records from left table and matching from right table?', 'RIGHT JOIN', 'LEFT JOIN', 'FULL JOIN', 'INNER JOIN', 'B'),
(12, 'Which join returns all records from right table and matching from left table?', 'LEFT JOIN', 'RIGHT JOIN', 'INNER JOIN', 'CROSS JOIN', 'B'),
(12, 'What does a CROSS JOIN produce?', 'Inner match only', 'Cartesian product of rows from both tables', 'Merged records with distinct keys', 'None of these', 'B'),
(12, 'Which function calculates the average value of a numeric column?', 'AVG()', 'AVERAGE()', 'MEAN()', 'COUNT()', 'A'),
(12, 'How do you change the name of a column in SQL?', 'REPLACE', 'RENAME', 'UPDATE', 'ALTER', 'B'),
(12, 'What does the EXISTS operator do in a subquery?', 'Checks if column exists', 'Tests for the existence of any record in a subquery (returns boolean)', 'Casts data type', 'None of these', 'B'),
(12, 'Which keyword is used to assign an alias name to a column or table?', 'AS', 'LIKE', 'INTO', 'NAME', 'A'),
(12, 'What does the DEFAULT constraint do?', 'Forbids null values', 'Provides a default value for a column when no value is specified', 'Makes column primary key', 'None of these', 'B'),
(12, 'What is the default sort order for ORDER BY clause?', 'Descending (DESC)', 'Ascending (ASC)', 'Random order', 'Index order', 'B'),
(12, 'What is a composite primary key in databases?', 'A key that contains text and numbers', 'A primary key consisting of two or more columns to uniquely identify a row', 'A foreign key constraint', 'None of these', 'B'),
(12, 'How do you delete all rows in a table without deleting the table structure?', 'DROP TABLE', 'TRUNCATE TABLE', 'REMOVE TABLE', 'DELETE TABLE', 'B'),
(12, 'What does the GROUP_CONCAT function do in SQL?', 'Sums group totals', 'Concatenates strings from a group into a single string with a separator', 'Calculates average string size', 'None of these', 'B'),
(12, 'Which SQL keyword restricts the number of rows returned in query result?', 'HAVING', 'LIMIT / TOP', 'WHERE', 'GROUP BY', 'B'),
(12, 'What does database normalization do?', 'Adds duplicate data', 'Organizes database to minimize redundancy and dependency', 'Creates backup tables', 'None of these', 'B'),
(12, 'What is 1NF (First Normal Form) requirement?', 'Eliminate transitive dependencies', 'Atomic values in columns, no repeating groups', 'No partial dependencies', 'None of these', 'B'),
(12, 'What is 2NF (Second Normal Form) requirement?', 'Must be in 1NF and eliminate partial dependencies on primary key', 'Must be in 1NF and remove transitive dependencies', 'Must have foreign keys', 'None of these', 'A'),
(12, 'What is 3NF (Third Normal Form) requirement?', 'Must be in 2NF and eliminate transitive dependencies on primary key', 'Atomic columns only', 'Remove all foreign keys', 'None of these', 'A'),

-- ===========================
-- TEST 13: INTERVIEW PREPARATION (50 questions)
-- ===========================
(13, 'How should you typically answer: "Tell me about yourself"?', 'List your personal hobbies and family background', 'Briefly highlight educational background, key achievements, and relevant project experience', 'Read your entire resume line-by-line', 'Describe your salary expectations', 'B'),
(13, 'What does the STAR method stand for in behavioral interviews?', 'Situation, Task, Action, Result', 'Schedule, Task, Agreement, Review', 'Status, Target, Answer, Resolution', 'None of these', 'A'),
(13, 'How should you handle answering: "What are your weaknesses"?', 'Say: "I have no weaknesses, I am perfect"', 'Share a real professional weakness you identified and show steps you took to improve it', 'Describe a weakness that makes you look bad in every way', 'None of these', 'B'),
(13, 'What is the best way to prepare for a company interview?', 'Research the company background, mission, projects, and study core technical subjects', 'Show up without any preparation to look natural', 'Study only salary structures', 'None of these', 'A'),
(13, 'How should you describe your final year project during an interview?', 'Say it was simple and copy-pasted', 'Explain the project goal, your role, technical stack used, challenges faced, and results achieved', 'Just read the project title', 'None of these', 'B'),
(13, 'What should you do if you do not know the answer to a technical question?', 'Guess randomly and try to bluff the interviewer', 'Be honest, state your current understanding, and explain how you would search for the solution', 'Stay silent and wait for the next question', 'None of these', 'B'),
(13, 'How should you behave when asked situational question: "How do you handle conflict in a team"?', 'Say you avoid working in teams', 'Describe a professional framework for listening, discussing, finding a compromise, and focusing on goal', 'Blame others for conflicts', 'None of these', 'B'),
(13, 'What is a good question to ask the interviewer at the end?', 'What is the salary and when do I get leaves?', 'What does a typical day look like in this role, and what are the main challenges?', 'I have no questions', 'How did I perform?', 'B'),
(13, 'What should your self-introduction focus on for a technical role?', 'Your family history', 'Your technical skills, frameworks learned, coding practice, and engineering projects', 'Your favorite movies and books', 'None of these', 'B'),
(13, 'How should you show "Strengths" in an interview?', 'State you are a hard worker without examples', 'Provide specific instances where your strengths (e.g. fast learning, problem solving) resolved a problem', 'Describe strengths unrelated to work', 'None of these', 'B'),
(13, 'What is the purpose of behavioral interview questions?', 'To check your writing skills', 'To evaluate past behavior as a predictor of future performance in similar scenarios', 'To test your math skills', 'None of these', 'B'),
(13, 'How should you structure your resume sections?', 'Random order', 'Contact, Objective/Summary, Education, Technical Skills, Projects, Achievements, Experience', 'Hobbies first, education last', 'None of these', 'B'),
(13, 'What is the ideal length of a college placement resume?', '1 page', '3 to 4 pages', '5 pages', 'As long as possible', 'A'),
(13, 'How should you handle the question: "Why do you want to join our company"?', 'Say you want a job because you need money', 'Align your career goals with the company''s mission, culture, products, and growth opportunities', 'Say you chose it randomly', 'None of these', 'B'),
(13, 'What does eye contact show in an interview?', 'Aggression', 'Confidence, engagement, and sincerity', 'Disinterest', 'None of these', 'B'),
(13, 'What is the purpose of mock interviews during placement prep?', 'A formal evaluation that gets recorded in university file', 'To practice communication, reduce interview anxiety, and refine answering frameworks', 'To pass time', 'None of these', 'B'),
(13, 'How should you follow up after an interview?', 'Call the interviewer repeatedly every hour', 'Send a polite thank-you email within 24 hours highlighting your interest in the role', 'Do nothing at all', 'None of these', 'B'),
(13, 'What does a clean resume formatting reflect to the recruiter?', 'Lack of content', 'Attention to detail, professionalism, and organization skills', 'That it was designed by someone else', 'None of these', 'B'),
(13, 'How should you describe your role in a team project?', 'Claim you did everything and others did nothing', 'Be honest, specify your exact modules, how you collaborated, and integrated with others', 'Say you forgot your role', 'None of these', 'B'),
(13, 'What is a typical HR round question goal?', 'To test complex coding algorithms', 'To evaluate cultural fit, communication skills, stability, and career alignment', 'To test advanced calculus', 'None of these', 'B'),
(13, 'How should you dress for a virtual interview?', 'Casual home clothes', 'Professional business attire matching standard physical interview guidelines', 'Only formal top, casual bottom', 'None of these', 'B'),
(13, 'What does the term "active listening" mean in an interview context?', 'Interrupting the interviewer to show you know the answer early', 'Paying close attention, acknowledging, and understanding the question before responding', 'Listening while taking notes continuously without looking up', 'None of these', 'B'),
(13, 'How should you explain a gap in your resume?', 'Make up a fake story', 'Be honest, explain the reason (e.g. health, skill-up period) and what you learned or achieved during that time', 'Refuse to answer the question', 'None of these', 'B'),
(13, 'What should you do if the interviewer corrects you during coding round?', 'Argue and try to prove them wrong', 'Listen to their feedback, evaluate the suggestion, thank them, and adjust your code accordingly', 'Panic and stop writing code', 'None of these', 'B'),
(13, 'What is the benefit of citing metrics in project descriptions (e.g. improved speed by 20%)?', 'Makes resume look complicated', 'Provides concrete proof of impact and results-oriented mindset', 'It has no benefit', 'None of these', 'B'),
(13, 'How should you handle the question: "Where do you see yourself in 5 years"?', 'Say: "I want to be the CEO of your company"', 'Describe a realistic growth path focusing on skill mastery, taking on more responsibility, and contributing', 'Say you don''t plan that far ahead', 'None of these', 'B'),
(13, 'What does sharing your Github profile or Leetcode stats on a resume accomplish?', 'Shows you browse the internet a lot', 'Demonstrates hands-on coding practice and open-source contributions', 'It is a distraction', 'None of these', 'B'),
(13, 'How should you explain why you left or want to leave your current role?', 'Complain about your previous manager and colleagues', 'Focus on positive reasons like seeking new learning opportunities, career growth, or alignment with new domain', 'Say you were bored', 'None of these', 'B'),
(13, 'What should you do before starting to write code in a technical interview?', 'Start coding immediately to show speed', 'Ask clarifying questions to understand constraints, edge cases, and discuss the plan/approach', 'Write pseudocode in comments only', 'None of these', 'B'),
(13, 'What is the best way to handle technical stress during an interview?', 'Give up and say you cannot do it', 'Take a deep breath, break the problem into smaller parts, and speak your thought process out loud', 'Ask the interviewer to solve it', 'None of these', 'B'),
(13, 'What is the impact of spelling errors in your resume?', 'No impact, recruiters ignore them', 'Can lead to immediate rejection as it reflects lack of care and professionalism', 'Makes resume look unique', 'None of these', 'B'),
(13, 'How should you answer the question: "How do you prioritize multiple tasks under tight deadlines"?', 'Work on whatever is easiest first', 'Explain a system of ranking by urgency vs importance, communicating delays early, and managing time blocks', 'Refuse to work on weekends', 'None of these', 'B'),
(13, 'What is the role of body language in interviews?', 'Has zero impact', 'Highly impactful in conveying enthusiasm, engagement, and confidence', 'Only matters for HR roles', 'None of these', 'B'),
(13, 'How should you describe your extracurricular activities?', 'List every activity since childhood', 'Highlight leadership, teamwork, or organizational skills developed through key activities', 'Describe them briefly without detailing skills', 'None of these', 'B'),
(13, 'What is the best way to showcase problem-solving skills?', 'State you are a good problem solver', 'Walk through a specific, challenging technical problem you solved, detailing the process and result', 'Say you don''t face problems', 'None of these', 'B'),
(13, 'How should you respond if asked about your expected salary as a fresher?', 'Demand a high number immediately', 'State you are open to industry standard guidelines for freshers, focusing first on learning opportunity', 'Say you don''t care about salary', 'None of these', 'B'),
(13, 'What should you do to prepare your environment for a virtual interview?', 'Choose a quiet room with clean background, test internet, microphone, and camera in advance', 'Set up in a noisy cafeteria to show multitasking', 'Use low light settings to hide background details', 'None of these', 'A'),
(13, 'What is the role of technical stack choice in resume projects?', 'Adding complex-sounding names to bypass filters', 'Demonstrating that you chose appropriate tools to solve the project''s specific requirements', 'Irrelevant to freshers', 'None of these', 'B'),
(13, 'How should you handle the question: "Are you willing to relocate"?', 'Say absolutely no immediately if unsure', 'State your preference clearly, but express willingness to relocate if it is a great career opportunity', 'Lie and say yes even if you won''t', 'None of these', 'B'),
(13, 'What does the term "thought process" mean during coding interviews?', 'Silent thinking', 'Explaining your design decisions, algorithm choices, and logic out loud while writing code', 'Writing multiple solutions simultaneously', 'None of these', 'B'),
(13, 'How should you handle a mistake you made during the interview?', 'Pretend it did not happen and ignore it', 'Politely acknowledge it, correct yourself, and maintain a positive attitude', 'Apologize repeatedly and lose focus', 'None of these', 'B'),
(13, 'What does standard resume summary outline?', 'Your family details', 'A 2-3 sentence overview of your key skills, education, and placement goals', 'Your salary expectations', 'None of these', 'B'),
(13, 'Why is it important to customize your resume for different job descriptions?', 'Bypasses search filters by matching key skills and shows targeted interest', 'No importance, one resume fits all', 'Makes resume longer', 'None of these', 'A'),
(13, 'What is the role of projects section on a fresher''s resume?', 'Fills empty page space', 'Crucial in proving practical implementation of theoretical engineering concepts', 'Has no impact', 'None of these', 'B'),
(13, 'How should you answer: "Why should we hire you"?', 'Say: "Because I am the best candidate"', 'Summarize your matching skills, enthusiasm, and explain how you can add value to the team', 'Describe your financial needs', 'None of these', 'B'),
(13, 'What does maintaining high energy and enthusiasm show during an interview?', 'Desperation', 'Genuine interest in the role, company, and team success', 'Unprofessionalism', 'None of these', 'B'),
(13, 'What is the impact of non-technical skills (soft skills) in placement interviews?', 'Zero impact, only coding matters', 'Highly important as they impact team collaboration, leadership potential, and client interactions', 'Only matters for managers', 'None of these', 'B'),
(13, 'How do you demonstrate continuous learning on a resume?', 'Listing courses you took years ago', 'Listing recent certifications, online bootcamps, or personal coding projects in new frameworks', 'Listing hobbies', 'None of these', 'B'),
(13, 'What is the purpose of follow-up questions at the end of the interview?', 'To show off your knowledge', 'To clarify the role, learn about the team, and demonstrate intellectual curiosity', 'To extend the interview time', 'None of these', 'B'),
(13, 'What is the final step before submitting your resume?', 'Formatting file to pdf and proofreading for spelling and layout errors', 'Compressing it to zip file', 'None of these', 'None of these', 'A');

-- ===========================
-- APTITUDE QUESTIONS (30 each topic)
-- ===========================
INSERT OR IGNORE INTO aptitude_questions (topic, question_text, option_a, option_b, option_c, option_d, correct_option, difficulty) VALUES
-- QUANTITATIVE (30)
('QUANTITATIVE', 'What is 15% of 200?', '25', '30', '35', '40', 'B', 'EASY'),
('QUANTITATIVE', 'If a train travels 60 km in 1 hour, how far in 2.5 hours?', '120 km', '150 km', '180 km', '200 km', 'B', 'EASY'),
('QUANTITATIVE', 'Find the LCM of 12 and 18.', '24', '36', '48', '72', 'B', 'EASY'),
('QUANTITATIVE', 'What is 25% of 400?', '75', '100', '125', '150', 'B', 'EASY'),
('QUANTITATIVE', 'A shopkeeper sells an item for Rs.120 with 20% profit. What is the cost price?', 'Rs.90', 'Rs.96', 'Rs.100', 'Rs.110', 'C', 'MEDIUM'),
('QUANTITATIVE', 'If x = 5, what is 3x² + 2x - 1?', '74', '84', '94', '104', 'B', 'MEDIUM'),
('QUANTITATIVE', 'What is the HCF of 24 and 36?', '6', '8', '12', '18', 'C', 'EASY'),
('QUANTITATIVE', 'A cistern is filled in 4 hours. What part is filled in 1.5 hours?', '1/3', '3/8', '1/2', '2/3', 'B', 'MEDIUM'),
('QUANTITATIVE', 'The ratio of boys to girls is 3:2. If there are 30 boys, how many girls?', '15', '18', '20', '25', 'C', 'EASY'),
('QUANTITATIVE', 'What is the compound interest on Rs.1000 at 10% for 2 years?', 'Rs.200', 'Rs.210', 'Rs.220', 'Rs.250', 'B', 'MEDIUM'),
('QUANTITATIVE', 'If 5 workers complete a job in 10 days, how many days for 10 workers?', '4 days', '5 days', '6 days', '8 days', 'B', 'EASY'),
('QUANTITATIVE', 'What is the square root of 196?', '12', '13', '14', '15', 'C', 'EASY'),
('QUANTITATIVE', 'A boat goes 12 km upstream in 3 hours. Speed of stream is 2 km/h. Boat speed in still water?', '4 km/h', '5 km/h', '6 km/h', '8 km/h', 'C', 'HARD'),
('QUANTITATIVE', 'What is 40% of 250?', '80', '90', '100', '110', 'C', 'EASY'),
('QUANTITATIVE', 'Find the average of 10, 20, 30, 40, 50.', '25', '30', '35', '40', 'B', 'EASY'),
('QUANTITATIVE', 'A runs twice as fast as B. If B takes 20 min, how long for A?', '5 min', '8 min', '10 min', '12 min', 'C', 'EASY'),
('QUANTITATIVE', 'What is the perimeter of a square with side 7 cm?', '21 cm', '28 cm', '35 cm', '49 cm', 'B', 'EASY'),
('QUANTITATIVE', 'If 3/5 of a number is 45, what is the number?', '60', '65', '70', '75', 'D', 'EASY'),
('QUANTITATIVE', 'A can do a work in 6 days, B in 12 days. Together they finish in?', '3 days', '4 days', '5 days', '6 days', 'B', 'MEDIUM'),
('QUANTITATIVE', 'What is the simple interest on Rs.2000 at 5% for 3 years?', 'Rs.250', 'Rs.300', 'Rs.350', 'Rs.400', 'B', 'EASY'),
('QUANTITATIVE', 'If cost price is 500 and selling price is 600, what is the profit%?', '15%', '18%', '20%', '25%', 'C', 'EASY'),
('QUANTITATIVE', 'What is 2^10?', '512', '1024', '2048', '256', 'B', 'EASY'),
('QUANTITATIVE', 'Area of a circle with radius 7 cm (π = 22/7)?', '144 cm²', '154 cm²', '164 cm²', '174 cm²', 'B', 'MEDIUM'),
('QUANTITATIVE', 'A discount of 25% on Rs.800. What is selling price?', 'Rs.550', 'Rs.575', 'Rs.600', 'Rs.625', 'C', 'EASY'),
('QUANTITATIVE', 'Speed = 60 km/h, Time = 45 min. Distance?', '40 km', '45 km', '50 km', '55 km', 'B', 'EASY'),
('QUANTITATIVE', 'What is the value of 12! / 10! ?', '120', '132', '144', '110', 'B', 'MEDIUM'),
('QUANTITATIVE', 'Sum of first 100 natural numbers?', '4950', '5000', '5050', '5100', 'C', 'MEDIUM'),
('QUANTITATIVE', 'If train length 200m crosses a pole in 10s, what is speed in km/h?', '60', '70', '72', '80', 'C', 'MEDIUM'),
('QUANTITATIVE', 'What is 20% of 20% of 500?', '10', '15', '20', '25', 'C', 'MEDIUM'),
('QUANTITATIVE', 'Find the odd one out: 2, 4, 8, 16, 25, 32', '8', '16', '25', '32', 'C', 'EASY'),
-- LOGICAL (30)
('LOGICAL', 'What comes next: 2, 6, 12, 20, 30, ?', '40', '42', '44', '48', 'B', 'EASY'),
('LOGICAL', 'If all cats are animals and some animals are dogs, which must be true?', 'All cats are dogs', 'Some cats are dogs', 'No cats are dogs', 'Cannot determine', 'D', 'MEDIUM'),
('LOGICAL', 'Find the missing number: 1, 4, 9, 16, ?, 36', '20', '24', '25', '30', 'C', 'EASY'),
('LOGICAL', 'A is north of B, C is east of B, D is south of A. What is D relative to C?', 'North', 'South', 'West', 'Cannot determine', 'D', 'HARD'),
('LOGICAL', 'Which number is odd one out: 3, 5, 11, 14, 17, 21?', '11', '14', '17', '21', 'B', 'EASY'),
('LOGICAL', 'If PENCIL = 68 and PEN = 39, what is CIL?', '27', '29', '31', '33', 'B', 'HARD'),
('LOGICAL', 'What comes next: Z, Y, X, W, ?', 'A', 'B', 'V', 'U', 'C', 'EASY'),
('LOGICAL', 'Complete the series: 1, 1, 2, 3, 5, 8, ?', '11', '12', '13', '15', 'C', 'EASY'),
('LOGICAL', 'If Monday is holiday and 5 days later is the next working day, what day is it?', 'Saturday', 'Sunday', 'Monday', 'Tuesday', 'A', 'MEDIUM'),
('LOGICAL', 'A clock shows 3:15. What is the angle between hour and minute hands?', '0°', '7.5°', '15°', '22.5°', 'B', 'HARD'),
('LOGICAL', 'Choose the missing term: AZ, BY, CX, D?', 'V', 'W', 'X', 'Y', 'B', 'EASY'),
('LOGICAL', 'If 5 + 3 = 28, 9 + 1 = 810, then 7 + 3 = ?', '410', '421', '37', '73', 'A', 'MEDIUM'),
('LOGICAL', 'How many triangles in a pentagram?', '5', '10', '15', '20', 'B', 'MEDIUM'),
('LOGICAL', 'Statement: All roses are flowers. Some flowers fade. Conclusion: Some roses fade.', 'True', 'False', 'Uncertain', 'None', 'C', 'MEDIUM'),
('LOGICAL', 'Which letter is 5th from the right in COMPUTER?', 'U', 'P', 'M', 'O', 'B', 'EASY'),
('LOGICAL', 'If FRIEND = 96, ENEMY = ?', '45', '55', '65', '75', 'C', 'HARD'),
('LOGICAL', 'Find pattern: 4, 8, 24, 96, ?', '192', '288', '384', '480', 'D', 'MEDIUM'),
('LOGICAL', 'If ROSE is coded as TQUG, how is BLOSSOM coded?', 'DNQUUQO', 'DNQSSQO', 'DNQUSOM', 'DNQUUOM', 'A', 'HARD'),
('LOGICAL', 'Which one does not belong: Lion, Tiger, Leopard, Dog, Jaguar?', 'Tiger', 'Leopard', 'Dog', 'Jaguar', 'C', 'EASY'),
('LOGICAL', 'A man walks 5 km north, turns right walks 3 km, turns right walks 5 km. How far from start?', '3 km', '5 km', '8 km', '13 km', 'A', 'MEDIUM'),
('LOGICAL', 'Find missing: 3, 6, 11, 18, 27, ?', '36', '38', '40', '42', 'B', 'MEDIUM'),
('LOGICAL', 'If WATER is WEATR, then LIGHT is?', 'LIGTH', 'LIHTG', 'LITGH', 'LGITH', 'A', 'MEDIUM'),
('LOGICAL', 'How many squares in a 3x3 grid?', '9', '12', '14', '16', 'C', 'MEDIUM'),
('LOGICAL', 'Complete: CMM, EOO, GQQ, ?', 'ISS', 'IRS', 'ITS', 'IUS', 'A', 'MEDIUM'),
('LOGICAL', 'Pointing to a photo, a man says "Her father is my father''s only son." Who is in the photo?', 'His sister', 'His daughter', 'His mother', 'His wife', 'B', 'HARD'),
('LOGICAL', 'If P = 16, Q = 17, R = 18 in some coding, find value of PQR.', '51', '52', '53', '54', 'A', 'MEDIUM'),
('LOGICAL', 'Find odd: 121, 143, 165, 186, 209', '121', '143', '165', '186', 'D', 'HARD'),
('LOGICAL', 'What comes next: 1, 2, 4, 7, 11, 16, ?', '20', '21', '22', '23', 'C', 'MEDIUM'),
('LOGICAL', 'Select odd one out: January, March, July, August, October', 'January', 'July', 'August', 'October', 'C', 'MEDIUM'),
('LOGICAL', 'In a race, if you overtake the 2nd person, what position are you in?', '1st', '2nd', '3rd', 'Depends', 'B', 'EASY'),
-- VERBAL (30)
('VERBAL', 'Choose the synonym of ABUNDANT.', 'Scarce', 'Plentiful', 'Limited', 'Rare', 'B', 'EASY'),
('VERBAL', 'Choose the antonym of BENEVOLENT.', 'Generous', 'Kind', 'Malevolent', 'Charitable', 'C', 'EASY'),
('VERBAL', 'Fill in the blank: She _____ to the market yesterday.', 'go', 'goes', 'went', 'going', 'C', 'EASY'),
('VERBAL', 'Identify the correct sentence.', 'He don''t know the answer.', 'He doesn''t knows the answer.', 'He doesn''t know the answer.', 'He do not knows the answer.', 'C', 'EASY'),
('VERBAL', 'Choose the correctly spelled word.', 'Accomodate', 'Accommodate', 'Acommodate', 'Acomodate', 'B', 'EASY'),
('VERBAL', 'What is the meaning of UBIQUITOUS?', 'Rare', 'Present everywhere', 'Ancient', 'Unknown', 'B', 'MEDIUM'),
('VERBAL', 'Choose the antonym of EPHEMERAL.', 'Temporary', 'Fleeting', 'Permanent', 'Brief', 'C', 'MEDIUM'),
('VERBAL', 'She is ___ honest woman.', 'a', 'an', 'the', 'no article needed', 'B', 'EASY'),
('VERBAL', 'What does VERBOSE mean?', 'Brief and concise', 'Using too many words', 'Silent', 'Confused', 'B', 'MEDIUM'),
('VERBAL', 'Choose the correct passive voice of "He writes a letter."', 'A letter is written by him.', 'A letter was written by him.', 'A letter has been written.', 'None', 'A', 'MEDIUM'),
('VERBAL', 'Identify the part of speech of "quickly" in "She ran quickly."', 'Adjective', 'Noun', 'Adverb', 'Verb', 'C', 'EASY'),
('VERBAL', 'Select the synonym of PRUDENT.', 'Reckless', 'Wise', 'Careless', 'Naive', 'B', 'EASY'),
('VERBAL', 'Fill in the blank: Neither the boys nor the girl _____ present.', 'are', 'were', 'is', 'been', 'C', 'MEDIUM'),
('VERBAL', 'What does the idiom "Bite the bullet" mean?', 'Eat lead', 'Endure painful situation bravely', 'Give up', 'Fight hard', 'B', 'MEDIUM'),
('VERBAL', 'Which is the correct indirect speech of: He said, "I am happy."?', 'He said he is happy.', 'He said he was happy.', 'He told he was happy.', 'He said that I was happy.', 'B', 'MEDIUM'),
('VERBAL', 'Choose the synonym of LOQUACIOUS.', 'Silent', 'Talkative', 'Angry', 'Shy', 'B', 'MEDIUM'),
('VERBAL', 'Identify the sentence with correct subject-verb agreement.', 'The team are playing well.', 'The team is playing well.', 'Teams is playing well.', 'None', 'B', 'MEDIUM'),
('VERBAL', 'What does AMELIORATE mean?', 'To worsen', 'To improve', 'To confuse', 'To ignore', 'B', 'HARD'),
('VERBAL', 'Choose the antonym of CANDID.', 'Frank', 'Honest', 'Evasive', 'Open', 'C', 'MEDIUM'),
('VERBAL', 'Which sentence is in future perfect tense?', 'She will go.', 'She will have gone.', 'She is going.', 'She had gone.', 'B', 'MEDIUM'),
('VERBAL', 'What does the phrase "Red tape" mean?', 'Red colored tape', 'Bureaucratic obstacles', 'Important document', 'Quick process', 'B', 'MEDIUM'),
('VERBAL', 'Identify the metaphor: "Time is money."', 'Simile', 'Metaphor', 'Personification', 'Hyperbole', 'B', 'EASY'),
('VERBAL', 'Choose the synonym of AMBIGUOUS.', 'Clear', 'Definite', 'Vague', 'Certain', 'C', 'MEDIUM'),
('VERBAL', 'Fill in: The jury _____ divided on the verdict.', 'was', 'were', 'is', 'are', 'A', 'MEDIUM'),
('VERBAL', 'What does INCESSANT mean?', 'Occasional', 'Stopping suddenly', 'Continuing without pause', 'Once in a while', 'C', 'MEDIUM'),
('VERBAL', 'Choose the correctly used preposition: He is good ___ mathematics.', 'in', 'on', 'at', 'for', 'C', 'EASY'),
('VERBAL', 'What does MAGNANIMOUS mean?', 'Small-minded', 'Generous and forgiving', 'Angry', 'Confused', 'B', 'HARD'),
('VERBAL', 'Identify the correct question tag: "She sings well, ___?"', 'does she', 'doesn''t she', 'is she', 'has she', 'B', 'MEDIUM'),
('VERBAL', 'Choose the antonym of FRUGAL.', 'Thrifty', 'Economical', 'Extravagant', 'Careful', 'C', 'MEDIUM'),
('VERBAL', 'What does "Achilles'' heel" mean?', 'Foot injury', 'Fatal weakness', 'Great strength', 'Quick movement', 'B', 'MEDIUM'),

-- ===========================
-- NEW APTITUDE CATEGORIES (40 questions)
-- ===========================
('VERBAL_REASONING', 'Identify the assumption: "All programmers must practice coding daily to succeed. John is a successful programmer."', 'John is not a programmer', 'John practices coding daily', 'John does not practice coding', 'None of these', 'B', 'MEDIUM'),
('VERBAL_REASONING', 'Determine the conclusion: "Most cats like milk. Fluffy is a cat."', 'Fluffy likes milk', 'Fluffy may like milk', 'Fluffy does not like milk', 'Fluffy hates milk', 'B', 'MEDIUM'),
('VERBAL_REASONING', 'Assertion: Gold is a noble metal. Reason: Gold does not easily react with oxygen.', 'Both A and R are true, and R is correct explanation of A', 'Both A and R are true, but R is not correct explanation', 'A is true, R is false', 'A is false, R is true', 'A', 'EASY'),
('VERBAL_REASONING', 'Evaluate the argument: "Should mobile phones be banned in schools? Yes, they distract students."', 'Strong argument', 'Weak argument', 'Invalid argument', 'None of these', 'A', 'MEDIUM'),
('VERBAL_REASONING', 'What is the cause-effect relation: (1) Temperature rose to 45C. (2) People stayed indoors.', '1 is cause, 2 is effect', '2 is cause, 1 is effect', 'Both are independent causes', 'None of these', 'A', 'EASY'),
('VERBAL_REASONING', 'Deduce: "No players are singers. All singers are tall."', 'Some tall are not players', 'All tall are players', 'No players are tall', 'None of these', 'A', 'HARD'),
('VERBAL_REASONING', 'Which is a Fact rather than an Opinion?', 'Python is a good language', 'The Earth revolves around the Sun', 'Placement drives are stressful', 'Winter is the best season', 'B', 'EASY'),
('VERBAL_REASONING', 'Identify the inference: "Company X profits rose by 50% after launching product Y."', 'Product Y is successful', 'Company X had no other products', 'Product Y caused the profit increase', 'None of these', 'A', 'MEDIUM'),
('VERBAL_REASONING', 'Determine course of action: "Students are failing coding tests." Action: "Provide practice labs."', 'Only 1 is appropriate', 'Only 2 is appropriate', 'Both are inappropriate', 'None of these', 'A', 'MEDIUM'),
('VERBAL_REASONING', 'Identify the statement implication: "Admission is open to graduates only. Simi is admitted."', 'Simi is a graduate', 'Simi is a postgraduate', 'Simi is a student', 'None of these', 'A', 'EASY'),
('NON_VERBAL_REASONING', 'Complete the sequence: 4, 9, 16, 25, ?', '30', '35', '36', '49', 'C', 'EASY'),
('NON_VERBAL_REASONING', 'Identify the odd figure description:', 'Square with 4 lines', 'Triangle with 3 lines', 'Pentagon with 5 lines', 'Circle with 2 corners', 'D', 'EASY'),
('NON_VERBAL_REASONING', 'What does a 180-degree rotation of the letter W look like?', 'M', 'W', 'E', '3', 'A', 'EASY'),
('NON_VERBAL_REASONING', 'What is the mirror image of the word "TOY" placed before vertical mirror?', 'YOT (reversed characters)', 'TOY', 'YOT', 'None of these', 'A', 'MEDIUM'),
('NON_VERBAL_REASONING', 'If a square paper is folded diagonally and a hole is punched, how many holes appear when opened?', '1', '2', '4', '8', 'B', 'MEDIUM'),
('NON_VERBAL_REASONING', 'How many faces are there in a standard 3D cube?', '4', '6', '8', '12', 'B', 'EASY'),
('NON_VERBAL_REASONING', 'A standard dice has opposite faces sum equal to:', '5', '6', '7', '8', 'C', 'EASY'),
('NON_VERBAL_REASONING', 'Which diagram represents relationship: Dogs, Pets, Cats?', 'Intersecting circles', 'Concentric circles', 'Disjoint circles', 'None of these', 'A', 'MEDIUM'),
('NON_VERBAL_REASONING', 'Identify the next step in pattern: Up arrow, Right arrow, Down arrow, ?', 'Left arrow', 'Up arrow', 'Double arrow', 'None of these', 'A', 'EASY'),
('NON_VERBAL_REASONING', 'How many triangles are there in a square with both diagonals drawn?', '4', '6', '8', '12', 'C', 'HARD'),
('DATA_INTERPRETATION', 'If a bar graph shows sales of $50k in 2024 and $75k in 2025, what is the percentage increase?', '25%', '50%', '75%', '100%', 'B', 'EASY'),
('DATA_INTERPRETATION', 'In a pie chart, what angle corresponds to a segment representing 25% of total?', '45 degrees', '90 degrees', '120 degrees', '180 degrees', 'B', 'EASY'),
('DATA_INTERPRETATION', 'If a line graph shows sales as (10, 20, 30, 20), what is the average sales value?', '15', '20', '25', '30', 'B', 'EASY'),
('DATA_INTERPRETATION', 'A table lists employee salaries. Group A (5 employees) avg is $10k. Group B (5) avg is $12k. Combined avg?', '$11k', '$10.5k', '$11.5k', '$12k', 'A', 'MEDIUM'),
('DATA_INTERPRETATION', 'In a mixed graph, if pie chart total is $200k and bar chart shows group A is 10% of total, what is A value?', '$10k', '$20k', '$30k', '$40k', 'B', 'MEDIUM'),
('DATA_INTERPRETATION', 'If a company sales table lists: Q1=$10k, Q2=$15k, Q3=$20k, Q4=$25k. Find Q4 share percentage of total.', '25%', '33.3%', '35.7%', '40%', 'C', 'MEDIUM'),
('DATA_INTERPRETATION', 'What is the ratio of minimum sales ($10k) to maximum sales ($25k) in the above quarterly data?', '1:2', '2:5', '3:5', '1:3', 'B', 'EASY'),
('DATA_INTERPRETATION', 'If Group A expenses are $5k, $6k, $7k, and Group B expenses are $4k, $5k, $9k, which has higher total?', 'Group A', 'Group B', 'Both are equal', 'None of these', 'C', 'EASY'),
('DATA_INTERPRETATION', 'A pie chart has 3 segments: A=40%, B=35%, find segment C angle.', '72 degrees', '90 degrees', '108 degrees', 'none', 'A', 'HARD'),
('DATA_INTERPRETATION', 'If a bar chart lists product heights: P1=10, P2=15, P3=20. What is P3 percentage of P1?', '100%', '150%', '200%', '250%', 'C', 'EASY'),
('DATA_SUFFICIENCY', 'Find X. Statement (1): X + Y = 10. Statement (2): Y = 4. Are statements sufficient?', '1 alone is sufficient', '2 alone is sufficient', 'Both together are sufficient', 'Neither is sufficient', 'C', 'EASY'),
('DATA_SUFFICIENCY', 'Find age of John. Statement (1): John is 5 years older than Mary. Statement (2): Mary is 20. Sufficiency?', '1 alone', '2 alone', 'Both together', 'Neither', 'C', 'EASY'),
('DATA_SUFFICIENCY', 'Is X even? Statement (1): X is multiple of 4. Statement (2): X is multiple of 3. Sufficiency?', '1 alone is sufficient', '2 alone is sufficient', 'Both together', 'Neither', 'A', 'MEDIUM'),
('DATA_SUFFICIENCY', 'Find area of square. Statement (1): Diagonal is 10 cm. Statement (2): Side is 7 cm. Sufficiency?', '1 alone is sufficient', '2 alone is sufficient', 'Either statement alone is sufficient', 'Neither is sufficient', 'C', 'MEDIUM'),
('DATA_SUFFICIENCY', 'Find speed of train. Statement (1): Train crosses pole in 10s. Statement (2): Train length is 200m. Sufficiency?', '1 alone', '2 alone', 'Both together', 'Neither', 'C', 'MEDIUM'),
('DATA_SUFFICIENCY', 'Is A > B? Statement (1): A + B = 10. Statement (2): A - B = 2. Sufficiency?', '1 alone', '2 alone', 'Both together', 'Neither', 'C', 'EASY'),
('DATA_SUFFICIENCY', 'Find value of P. Statement (1): P^2 = 16. Statement (2): P is positive. Sufficiency?', '1 alone', '2 alone', 'Both together', 'Neither', 'C', 'MEDIUM'),
('DATA_SUFFICIENCY', 'Find compound interest rate. Statement (1): Principal is $10k. Statement (2): Interest in 2 years is $2.1k. Sufficiency?', '1 alone', '2 alone', 'Both together', 'Neither', 'C', 'HARD'),
('DATA_SUFFICIENCY', 'Find time taken by A and B to do work. Statement (1): A alone takes 10 days. Statement (2): B alone takes 15 days. Sufficiency?', '1 alone', '2 alone', 'Both together', 'Neither', 'C', 'EASY'),
('DATA_SUFFICIENCY', 'Find LCM of A and B. Statement (1): Product of A and B is 50. Statement (2): HCF of A and B is 5. Sufficiency?', '1 alone', '2 alone', 'Both together', 'Neither', 'C', 'MEDIUM');

-- ===========================
-- CODING CHALLENGES (10)
-- ===========================
INSERT OR IGNORE INTO coding_challenges (id, title, description, difficulty, topic, sample_input, sample_output, test_cases_json) VALUES
(1, 'Two Sum', 'Given an array of integers nums and an integer target, return indices of the two numbers that add up to target. Each input has exactly one solution, and you may not use the same element twice. Use a HashMap for O(n) solution.', 'EASY', 'Arrays',
 'nums = [2,7,11,15], target = 9', '[0,1]',
 '[{"input":"nums=[2,7,11,15],target=9","expected":"[0,1]"},{"input":"nums=[3,2,4],target=6","expected":"[1,2]"}]'),
(2, 'Reverse String', 'Write a function that reverses a string in-place. The input string is given as an array of characters. Do it with O(1) extra memory using two pointers.', 'EASY', 'Strings',
 's = ["h","e","l","l","o"]', '["o","l","l","e","h"]',
 '[{"input":"[h,e,l,l,o]","expected":"[o,l,l,e,h]"},{"input":"[H,a,n,n,a,h]","expected":"[h,a,n,n,a,H]"}]'),
(3, 'Valid Parentheses', 'Given a string containing only "(", ")", "{", "}", "[" and "]", determine if the input string is valid. Open brackets must be closed by the same type and in correct order.', 'EASY', 'Stack',
 's = "()[]{}"', 'true',
 '[{"input":"()[]{}","expected":"true"},{"input":"(]","expected":"false"},{"input":"{[]}","expected":"true"}]'),
(4, 'Maximum Subarray', 'Given an integer array nums, find the contiguous subarray with the largest sum and return its sum. Use Kadane algorithm for O(n) solution.', 'MEDIUM', 'Dynamic Programming',
 'nums = [-2,1,-3,4,-1,2,1,-5,4]', '6',
 '[{"input":"[-2,1,-3,4,-1,2,1,-5,4]","expected":"6"},{"input":"[1]","expected":"1"},{"input":"[5,4,-1,7,8]","expected":"23"}]'),
(5, 'Binary Search', 'Given a sorted array of integers and a target value, return the index if found, else return -1. You must write an algorithm with O(log n) runtime complexity.', 'EASY', 'Binary Search',
 'nums = [-1,0,3,5,9,12], target = 9', '4',
 '[{"input":"[-1,0,3,5,9,12],target=9","expected":"4"},{"input":"[-1,0,3,5,9,12],target=2","expected":"-1"}]'),
(6, 'Fibonacci Number', 'The Fibonacci numbers form the sequence 0,1,1,2,3,5,8,... where F(n) = F(n-1) + F(n-2). Given n, calculate F(n). Use memoization to avoid recomputation.', 'EASY', 'Recursion',
 'n = 4', '3',
 '[{"input":"4","expected":"3"},{"input":"10","expected":"55"},{"input":"0","expected":"0"}]'),
(7, 'Palindrome Check', 'Given a string s, return true if it is a palindrome considering only alphanumeric characters and ignoring case, otherwise return false.', 'EASY', 'Strings',
 '"A man, a plan, a canal: Panama"', 'true',
 '[{"input":"A man, a plan, a canal: Panama","expected":"true"},{"input":"race a car","expected":"false"}]'),
(8, 'Merge Two Sorted Lists', 'Merge two sorted linked lists and return the merged sorted list. The merged list should be made by splicing together the nodes of the two lists.', 'EASY', 'LinkedList',
 'list1 = 1->2->4, list2 = 1->3->4', '1->1->2->3->4->4',
 '[{"input":"[1,2,4],[1,3,4]","expected":"[1,1,2,3,4,4]"},{"input":"[],[]","expected":"[]"}]'),
(9, 'Climbing Stairs', 'You are climbing a staircase with n steps. Each time you can climb 1 or 2 steps. In how many distinct ways can you climb to the top? This follows the Fibonacci pattern.', 'EASY', 'Dynamic Programming',
 'n = 3', '3',
 '[{"input":"3","expected":"3"},{"input":"4","expected":"5"},{"input":"5","expected":"8"}]'),
(10, 'Find All Duplicates', 'Given an integer array nums of length n where all integers are in range [1, n], return all elements that appear twice. Use O(1) extra space by negating values at index nums[i]-1.', 'MEDIUM', 'Arrays',
 'nums = [4,3,2,7,8,2,3,1]', '[2,3]',
 '[{"input":"[4,3,2,7,8,2,3,1]","expected":"[2,3]"},{"input":"[1,1,2]","expected":"[1]"}]');

